Date,Open,High,Low,Close,Volume,Dividends,Stock Splits,RSI,MACD,BB_upper,BB_lower,ATR,Volatility
2024-05-29 00:00:00-04:00,422.4510995765547,427.66115445230247,422.4510995765547,425.9046325683594,15517100,0.0,0.0,,,,,0.0,
2024-05-30 00:00:00-04:00,421.071626093263,421.071626093263,411.08817181006793,411.5149230957031,28424800,0.0,0.0,,,,,0.0,
2024-05-31 00:00:00-04:00,413.5791047255822,413.5791047255822,401.43224401056676,411.971435546875,47995300,0.0,0.0,,,,,0.0,
2024-06-03 00:00:00-04:00,412.3683735171778,413.2615196687407,405.8086812773789,410.3736572265625,17484700,0.0,0.0,,,,,0.0,
2024-06-04 00:00:00-04:00,409.2919776436919,413.27147684716857,406.56290129495756,412.904296875,14348900,0.0,0.0,,,,,0.0,
2024-06-05 00:00:00-04:00,414.6310359031759,420.8533188907335,413.1325152430589,420.78387451171875,16988000,0.0,0.0,,,,,0.0,
2024-06-06 00:00:00-04:00,420.7838485363347,422.07394512362515,417.37992333025653,421.2899475097656,14861300,0.0,0.0,,,,,0.0,
2024-06-07 00:00:00-04:00,422.9572173477245,423.03659533238357,419.78155282449774,420.6250915527344,13621700,0.0,0.0,,,,,0.0,
2024-06-10 00:00:00-04:00,421.4686381861944,424.8228956664724,420.664803577901,424.614501953125,14003000,0.0,0.0,,,,,0.0,
2024-06-11 00:00:00-04:00,422.24267892962746,429.5268277427762,422.01441801832095,429.38787841796875,14551100,0.0,0.0,,,,,0.0,
2024-06-12 00:00:00-04:00,432.00781534858527,440.0263242349242,429.9535579589742,437.7041320800781,22366200,0.0,0.0,,,,,0.0,
2024-06-13 00:00:00-04:00,437.49575798146077,440.01644063600304,436.02700779586485,438.2201843261719,15960600,0.0,0.0,,,,,0.0,
2024-06-14 00:00:00-04:00,434.94529966913103,439.7683376003339,433.39717151476515,439.2026672363281,13582000,0.0,0.0,,,,,0.0,
2024-06-17 00:00:00-04:00,439.22250553797545,447.5089797746042,437.3667384679764,444.9585266113281,20790000,0.0,0.0,78.69664506359979,,,,7.506026892649913,
2024-06-18 00:00:00-04:00,446.28832386783046,446.7150751827561,441.50502038116036,442.9439697265625,17112500,0.0,0.0,73.88759832761349,,,,7.342028886146044,
2024-06-20 00:00:00-04:00,442.9042790324355,443.1325399619797,437.912551396736,442.3088684082031,19877400,0.0,0.0,72.38582471577075,,,,7.190454577510165,
2024-06-21 00:00:00-04:00,443.9760548608899,447.1516890658263,443.112679216781,446.3577880859375,34486200,0.0,0.0,75.7673638002476,,,,7.02276644037538,
2024-06-24 00:00:00-04:00,446.37762314479846,449.30518978099155,443.0134321712583,444.26385498046875,15913700,0.0,0.0,70.92987623679385,,,,6.970551523900944,
2024-06-25 00:00:00-04:00,444.8394216277891,447.98531552571586,443.3508346061679,447.5188903808594,16747500,0.0,0.0,73.73698863550798,,,,6.803689337875732,
2024-06-26 00:00:00-04:00,445.5837053034348,450.1487114593878,444.7798707523325,448.71966552734375,16507000,0.0,0.0,74.70727343603693,,457.53051919748407,404.62635946462535,6.701200149959988,
2024-06-27 00:00:00-04:00,448.73953390240615,452.6991961641024,448.3326497960473,449.4044494628906,14806300,0.0,0.0,75.26842861387149,,459.74897507865745,404.75788527290507,6.534439165538209,0.011177905275051319
2024-06-28 00:00:00-04:00,449.62274649126965,451.9151680373726,443.01341660893064,443.54931640625,28362300,0.0,0.0,62.50005422795506,,460.03233914655266,407.6779605360646,6.703532898602764,0.008164556812889478
2024-07-01 00:00:00-04:00,445.2463078469115,453.8900280472802,442.2691337894114,453.2549133300781,17662800,0.0,0.0,71.21645523024124,,461.36913235379205,410.46951510714547,7.054772995693197,0.00907635338736549
2024-07-02 00:00:00-04:00,449.75176594132466,456.0931308349297,449.6624240698802,455.7854919433594,13979800,0.0,0.0,72.9799530509427,,462.17922817232704,414.20060276029017,7.010196836361502,0.008842383565445937
2024-07-03 00:00:00-04:00,454.70380374999445,457.5122579984809,454.39616484845857,457.26416015625,9932800,0.0,0.0,73.98300487579995,,462.7842803200162,418.03153694072597,6.732046573051561,0.008851422812699098
2024-07-05 00:00:00-04:00,456.1129790053472,464.78650009669735,455.4778642825478,464.00250244140625,16000300,0.0,0.0,77.99238526763206,8.305549280431308,465.2920427147568,419.84563733895413,6.916088661701418,0.008539196631409127
2024-07-08 00:00:00-04:00,463.0002048353039,464.14147919648303,460.92611040198074,462.69256591796875,12962300,0.0,0.0,75.55477696130687,8.704156859870238,466.76670891756567,422.51123297696563,6.651751528330053,0.008678125040863575
2024-07-09 00:00:00-04:00,463.4467798855468,463.7742557192127,454.51525736098597,456.0435485839844,17207200,0.0,0.0,64.53009824563622,8.38685763353027,466.10181382194634,426.71797377570994,6.837983444751244,0.009591186671066955
2024-07-10 00:00:00-04:00,457.71075666628917,462.91087784219644,455.36869724486377,462.7024841308594,18196100,0.0,0.0,69.35314965583733,8.573881786051288,466.5172225932655,430.1113632221642,6.888283241364204,0.009808341521247887
2024-07-11 00:00:00-04:00,459.457386639418,461.2436790661222,448.1143297880847,451.2403869628906,23111200,0.0,0.0,55.391185372460086,7.708347296296154,465.4269651525098,433.3868715174121,7.438274034322093,0.011615802606602731
2024-07-12 00:00:00-04:00,450.8731546278995,452.8877078833818,447.22116168053736,450.0990905761719,16324300,0.0,0.0,54.220703949991886,6.851333983772065,465.1200532001467,434.9332793193846,7.311722046359402,0.010960613665026953
2024-07-15 00:00:00-04:00,449.85099950163277,453.7808911637112,447.99523247056425,450.5059814453125,14429400,0.0,0.0,54.5891279329251,6.13426545800769,464.72883270175583,436.55307952968946,7.202717521129942,0.010961149756941017
2024-07-16 00:00:00-04:00,450.7640135601996,450.8433915449834,443.2615371548041,446.0997619628906,17175700,0.0,0.0,49.905325762285784,5.151060181867933,464.25043168778063,437.721190016321,7.229798726062037,0.01124098615520836
2024-07-17 00:00:00-04:00,439.22249954002416,441.46531376189114,435.8384412822571,440.1454162597656,21778000,0.0,0.0,44.36556503912078,3.8470505768725047,464.5999633635545,436.89034730539083,7.446336008531427,0.011277997950009064
2024-07-18 00:00:00-04:00,440.959204368169,441.2668432886357,431.09483113122303,437.0194091796875,20794800,0.0,0.0,41.745600463979784,2.5321815115636355,465.1836557901815,435.7141988240763,7.641027162022944,0.011341110935981311
2024-07-19 00:00:00-04:00,429.80471086507333,437.7835460054657,428.7130742947466,433.7841796875,20940400,0.0,0.0,39.1676379230548,1.2150756859584249,466.106105791274,433.9392799509135,7.74313034407267,0.011441973604325029
2024-07-22 00:00:00-04:00,438.4286106688719,441.2172281155517,435.5705185548157,439.5698547363281,15808800,0.0,0.0,45.63355930573572,0.6308434824881033,466.33806940431776,433.0285230029088,7.720981635785456,0.011671592645370864
2024-07-23 00:00:00-04:00,440.52254806214466,444.9784061601368,439.7286470352855,441.46533203125,13107100,0.0,0.0,47.59867114511544,0.31712876560351333,466.423419565954,432.6633205463507,7.555808049215685,0.011683221195316588
2024-07-24 00:00:00-04:00,437.0987963490377,438.12095826115956,424.3366274271562,425.63665771484375,26805800,0.0,0.0,35.921828125472956,-1.1949593912769956,468.2894758055251,428.60904104017806,8.239586374564121,0.013974476098516922
2024-07-25 00:00:00-04:00,425.5374171635106,426.52980855641556,414.3333401430881,415.216552734375,29943800,0.0,0.0,30.599964196453726,-3.1972595195680356,471.33581203965565,422.21239352675065,8.52222080590436,0.014751863505988937
2024-07-26 00:00:00-04:00,415.0180872010169,425.6565240052853,414.0951402007918,422.0342712402344,23583800,0.0,0.0,37.15982161131658,-4.185713590900491,472.1789837071833,418.6322040369573,8.739303877232157,0.015395086164843117
2024-07-29 00:00:00-04:00,428.29625878283395,428.86192913835873,421.4686315229256,423.4831848144531,15125800,0.0,0.0,38.49047569810843,-4.796860129859738,472.831447629434,415.97312695552694,8.643160572817942,0.015271585212705724
2024-07-30 00:00:00-04:00,424.4656455012434,425.7855127211385,414.18445497765873,419.7021789550781,32687600,0.0,0.0,36.32862228101437,-5.522632271617226,472.7796762840404,412.6696248634205,8.85443894215093,0.014233121697794763
2024-07-31 00:00:00-04:00,417.30059719182844,418.57085701348217,409.07366373993483,415.1669616699219,42891400,0.0,0.0,33.871204279037485,-6.390104903757447,472.38874020643317,408.998707913684,8.981158675936099,0.014139519782145948
2024-08-01 00:00:00-04:00,417.58836350695543,424.20759683358074,409.94693801865395,413.93634033203125,30296400,0.0,0.0,33.21464973785379,-7.0950962190977975,471.3004423983259,405.7542237393694,9.358265828721146,0.01402685778890196
2024-08-02 00:00:00-04:00,409.35152365396425,411.84243578824686,401.2635397070065,405.3819580078125,29437900,0.0,0.0,29.005711159366854,-8.24898491402746,469.2064135456008,401.9861981487351,9.595018314171407,0.013651066365148545
2024-08-05 00:00:00-04:00,386.2089818321841,397.98866312927163,382.64626998707365,392.1434631347656,40709200,0.0,0.0,23.948069464459522,-10.115085506320554,468.27183437590406,395.86586704011154,10.533637578926223,0.014794069727725291
2024-08-06 00:00:00-04:00,396.9565662320286,402.5834388839359,395.4679791086585,396.56951904296875,24946500,0.0,0.0,28.440630767027102,-11.108782815225425,466.676630131043,391.51366833087104,10.52694744822937,0.015327515101483453
2024-08-07 00:00:00-04:00,405.53080524275083,406.95982088699543,394.44578082628846,395.3984680175781,20650900,0.0,0.0,27.969851278408427,-11.854141953114038,462.7201102786579,388.739786571928,10.668882634834914,0.01451557773322344
2024-08-08 00:00:00-04:00,399.3779702821044,402.77193167950935,396.8969919508049,399.6260681152344,20203000,0.0,0.0,32.32505980040658,-11.965778398619875,459.8610522881081,386.43741267771225,10.433495565341792,0.014489956875845018
2024-08-09 00:00:00-04:00,400.9559063701233,404.9453089972664,399.1993844500031,402.9307556152344,19276700,0.0,0.0,35.6028594706093,-11.653258908362261,456.3155618465501,385.2660696231764,10.09866906405047,0.014821699783223218
2024-08-12 00:00:00-04:00,403.9628500529108,405.64992758545134,401.1642989727411,403.7147521972656,16762900,0.0,0.0,36.389993022346395,-11.213065746678126,451.94503831521274,384.9574702297091,9.697737603240453,0.01484688178384123
2024-08-13 00:00:00-04:00,406.47360190831984,411.7928357179709,406.45376498247094,410.8599853515625,19414300,0.0,0.0,43.20377496807517,-10.17041073023887,447.80280956998547,385.57572131380357,9.58204802591651,0.015665422397201093
2024-08-14 00:00:00-04:00,411.64393908583247,414.54173528870035,409.3118435327495,413.6882629394531,18267000,0.0,0.0,45.68394424915259,-9.011996072396414,444.56941822956856,386.1633973221892,9.271179720918964,0.015682454130603474
2024-08-15 00:00:00-04:00,417.35676799168647,418.6591414148161,415.22923848625584,418.5796203613281,20752100,0.75,0.0,49.76924130336713,-7.611511676360124,441.9709512533442,386.91788541657763,8.96401534623639,0.015988444089199656
2024-08-16 00:00:00-04:00,418.15215435686315,418.8878379189571,414.87134183677813,416.0345458984375,22775600,0.0,0.0,47.75651901111725,-6.630551076204881,439.6387300426148,387.4751432484008,8.610621113089431,0.01596777434664539
2024-08-19 00:00:00-04:00,416.52170147668573,419.2954725526047,414.03625113553215,419.0767517089844,15234000,0.0,0.0,50.34168026681766,-5.54374728121104,435.91645486502404,389.14810812325726,8.371235420516795,0.01571877316221838
2024-08-20 00:00:00-04:00,419.24576369099765,423.3815262412174,419.18611531171354,422.32769775390625,16387600,0.0,0.0,53.01715408661995,-4.3697514920203275,431.44806510342596,391.70273445712087,8.080773928496525,0.01581324839267282
2024-08-21 00:00:00-04:00,421.6118605911061,423.91836557959886,419.26561024554667,421.6715393066406,16067300,0.0,0.0,52.403459503752124,-3.4524996074844125,430.7577583272322,391.9965293924944,7.835915457464786,0.013674299508871241
2024-08-22 00:00:00-04:00,421.8902550651885,424.30613578026436,412.1969990352219,413.13153076171875,19361900,0.0,0.0,45.08815212383838,-3.375764486631226,430.5921087532336,391.95367676922734,8.14114554943462,0.013309853868504033
2024-08-23 00:00:00-04:00,414.5532154876874,416.8199448280934,409.69166039420327,414.36431884765625,18493800,0.0,0.0,46.25450376433026,-3.1788320576072238,429.63489472268816,392.1438955605149,8.06879832689573,0.012756175703967823
2024-08-26 00:00:00-04:00,413.94673947074824,414.85144695028356,408.9460150702165,411.08349609375,13152800,0.0,0.0,43.600313332256,-3.250032316573993,428.1059759329844,392.43284547814847,7.914272152122252,0.01280851400518603
2024-08-27 00:00:00-04:00,410.4571501735566,411.9484202096587,407.8623548739229,411.43145751953125,13492900,0.0,0.0,43.9675539016089,-3.2410209833195722,427.17446747417483,392.53728179340334,7.640828808094647,0.012692346005316367
2024-08-28 00:00:00-04:00,412.46544730687265,412.58474406521935,404.939496621488,408.2103576660156,14882700,0.0,0.0,41.28746066093006,-3.453979944345747,426.6646679561741,392.35142091101335,7.641144424925841,0.012587304751530701
2024-08-29 00:00:00-04:00,412.52511339470357,419.5937196899045,408.21037518945246,410.7156982421875,17045200,0.0,0.0,44.139588557560415,-3.381610310077974,426.3944675636024,392.29955709460074,7.908445681994629,0.01266801898644429
2024-08-30 00:00:00-04:00,413.18123450252676,415.0602190186727,409.7314285183125,414.7122802734375,24308300,0.0,0.0,48.44226423281627,-2.9675579239271315,426.9120099452898,392.71504693947577,7.724184597592169,0.011897737246281365
2024-09-03 00:00:00-04:00,415.47780496274754,417.43634095322227,404.66112073149435,407.0570983886719,20313600,0.0,0.0,41.80071155612957,-3.220009362349458,425.69880215048727,395.41961825966894,8.084972856459007,0.010051187495089167
2024-09-04 00:00:00-04:00,403.5476443909062,408.8466109265116,402.01659855552833,406.5202331542969,15135800,0.0,0.0,41.37231159268944,-3.423930543771803,424.9253237945283,397.1881680267607,7.995332821782166,0.009825348828597251
2024-09-05 00:00:00-04:00,405.2476455783769,410.69576288507244,403.7663270914325,406.01318359375,14195500,0.0,0.0,40.945494616414834,-3.585127097650343,423.7226331721212,399.452330206785,7.919197319772006,0.009793972125429764
2024-09-06 00:00:00-04:00,406.6793029587105,408.2600456523483,398.4673657515399,399.3621520996094,19609500,0.0,0.0,35.737407718932445,-4.201131159650117,423.76189676070214,399.38667501664156,8.05301750413175,0.010295988705315371
2024-09-09 00:00:00-04:00,404.8698768958274,406.27167441765806,399.8095040440946,403.3587341308594,15295100,0.0,0.0,40.624637772375365,-4.317063625565652,423.72387355521016,399.4674960736961,7.971339276554389,0.010376321647745154
2024-09-10 00:00:00-04:00,405.8243177579556,413.9069762623546,405.327227721672,411.7893981933594,19594300,0.0,0.0,49.37158677684659,-3.686164992729516,423.576404988619,400.42242923989664,8.15540376619302,0.011371345186380681
2024-09-11 00:00:00-04:00,413.08181573237965,421.52239474938517,407.19625641616165,420.57794189453125,19266900,0.0,0.0,56.556406555942104,-2.4487832045993514,424.63195307638756,400.338676806425,8.596170520980914,0.011677151523931124
2024-09-12 00:00:00-04:00,420.84636566939764,424.8827343519594,417.30708702498356,424.514892578125,17418800,0.0,0.0,59.34006522883205,-1.137359433389065,426.25621140996054,399.79708143671917,8.52327600712341,0.011753113408971193
2024-09-13 00:00:00-04:00,423.3517078052634,429.31678853449597,422.98386601468917,428.0840148925781,15874600,0.0,0.0,61.73388138984332,0.1877870042778227,428.106516769265,398.8972155305397,8.366822186600796,0.011617045220091654
2024-09-16 00:00:00-04:00,428.0939672962221,431.00690777681865,425.7278137476254,428.82965087890625,13834700,0.0,0.0,62.234116167568786,1.2833480582905281,430.1841890299831,398.0990537678685,8.1462701753574,0.011490473131027747
2024-09-17 00:00:00-04:00,437.6679140298658,439.27848092894993,429.75421863095636,432.6174621582031,18874200,0.0,0.0,64.75473082031566,2.4292301478650415,432.6772879976852,396.96002584508824,8.31073873783499,0.011535350330631933
2024-09-18 00:00:00-04:00,432.46835149823806,433.4923558065776,427.9050683956392,428.302734375,18898000,0.0,0.0,59.85411592505844,2.9551226724001936,433.65549450591715,396.57932299896567,8.116206500199521,0.011721480378911908
2024-09-19 00:00:00-04:00,438.6620972919553,438.9305149970845,434.3572804602649,436.1368713378906,21706600,0.0,0.0,65.02909280785309,3.9584155171822886,436.36725327404207,395.31409743396574,8.295604651762735,0.012338320877016478
2024-09-20 00:00:00-04:00,434.6754186759471,436.6836515284863,431.6928784161533,432.73675537109375,55167100,0.0,0.0,61.33375460200533,4.428126694321918,438.5723586964164,395.06951447252885,8.059545256089182,0.011451134223583542
2024-09-23 00:00:00-04:00,431.75253779309,433.9198431554934,427.88519293448667,430.9870300292969,15128900,0.0,0.0,59.46117278022478,4.606091815022182,440.2195235986527,395.08462068845665,7.914909896440437,0.01153920038170273
2024-09-24 00:00:00-04:00,430.4799988167568,430.82796793229323,423.62016194748605,426.67230224609375,17015800,0.0,0.0,55.00168052760767,4.348837293662655,441.1141804680034,395.7488444343404,7.8757640525383215,0.01164323293693356
2024-09-25 00:00:00-04:00,427.3284243659067,430.599285430914,426.0757780554542,429.59515380859375,13396400,0.0,0.0,57.33595547654193,4.330887154635548,442.28156845337264,396.3978260778773,7.636317147032714,0.011691206783942502
2024-09-26 00:00:00-04:00,432.5578349333773,432.7666042682911,426.6325297741478,428.7998352050781,14492000,0.0,0.0,56.477436780814465,4.204024596944919,443.0675541185502,397.67078816660603,7.529014100397752,0.0114953594724367
2024-09-27 00:00:00-04:00,429.0085608111411,429.3366572153901,424.982143776937,425.5289306640625,14896100,0.0,0.0,52.96488945072804,3.7957948849758054,443.4640043437651,398.75566118357864,7.302264053115993,0.011678394010450545
2024-09-30 00:00:00-04:00,425.7178520466358,427.9150119120048,422.8943842039572,427.7956848144531,16807300,0.0,0.0,55.05123483454969,3.6135235626952635,444.0967506999575,399.4312552814878,7.13929002846825,0.011562685039339887
2024-10-01 00:00:00-04:00,425.95648564338745,425.9863098334652,416.37257469880086,418.24163818359375,19092900,0.0,0.0,45.82482977902107,2.6673924699830422,443.6943198710716,400.95214008986585,7.445277177552823,0.011942929730615708
2024-10-02 00:00:00-04:00,420.12059464326444,420.35921848784164,414.28476256993423,414.70233154296875,16582300,0.0,0.0,42.95290220790788,1.6133861841901762,443.1706003016714,402.2940694981333,7.347361373292436,0.012134555762028909
2024-10-03 00:00:00-04:00,415.19943635003835,417.1082451347957,411.8788784861643,414.11578369140625,13686400,0.0,0.0,42.477781034069416,0.7224214742939239,442.5284204824726,403.74650932709767,7.19607603581665,0.012136290191992914
2024-10-04 00:00:00-04:00,415.8058857128688,417.30710741019845,412.554927626964,413.6385803222656,19169700,0.0,0.0,42.070053842236085,-0.02192802842563424,440.5534914413945,407.1490811904414,7.0215120177750645,0.011442417623935244
2024-10-07 00:00:00-04:00,413.5789195776064,414.68244492002515,406.6196589116371,407.1565246582031,20919800,0.0,0.0,36.89024918974516,-1.1219450077074384,439.8706893621224,408.2116623224479,7.095888731390278,0.011906581405636793
2024-10-08 00:00:00-04:00,408.50859351504334,413.24090045920747,405.79450128292336,412.2964172363281,19229300,0.0,0.0,42.894317311122904,-1.5609760535313058,439.8189103417672,408.31414324709993,7.120925191739836,0.01128929839391952
2024-10-09 00:00:00-04:00,413.4397013585542,417.93341460570645,411.88878290651843,415.0303955078125,14974300,0.0,0.0,45.84558571447307,-1.6690622124653487,439.9671012465125,407.61119770368276,7.044047085128993,0.010266869145417213
2024-10-10 00:00:00-04:00,412.81342552487126,414.92108254210694,410.74551386798254,413.41986083984375,13848400,0.0,0.0,44.39020623992017,-1.8632001485341334,440.024103513221,406.4446922631462,6.846963839036205,0.010013630188887818
2024-10-11 00:00:00-04:00,413.7180885691892,414.70231708134946,410.84489374484957,413.89703369140625,14144900,0.0,0.0,44.94783282728757,-1.9560043991922953,439.63104273757614,405.4190549186739,6.633425231712182,0.009772931733645086
2024-10-14 00:00:00-04:00,415.3386008817118,421.5721293976272,415.09005586184196,416.7006530761719,16653100,0.0,0.0,48.23240058216402,-1.7827730845507404,438.9473692260779,404.8898286498987,6.707830265605664,0.009928067681850655
2024-10-15 00:00:00-04:00,419.7229298265709,420.02120204810905,412.84322081195853,416.3029479980469,18900200,0.0,0.0,47.796759305191635,-1.6584598034192481,437.5567893613026,404.6489570986583,6.741412477787439,0.009634701496020085
2024-10-16 00:00:00-04:00,412.7537587941709,413.93680518127485,408.09105177334885,413.6982116699219,15508900,0.0,0.0,44.9342001249499,-1.749948765421209,436.7798600720863,403.96543411736684,6.8464470311381955,0.00950526974872175
2024-10-17 00:00:00-04:00,419.9018679111856,420.0410676802283,413.17127995027164,414.2947082519531,14820000,0.0,0.0,45.73569207793836,-1.754101942606269,434.183959746381,404.37711813447834,6.848114223910943,0.008313006129630148
2024-10-18 00:00:00-04:00,414.7122961104646,417.2076674979936,413.8374127793913,415.7263488769531,17145300,0.0,0.0,47.70314139783926,-1.623161140485081,432.0509919180969,404.8090453133484,6.59969568781747,0.00831878611009561
2024-10-21 00:00:00-04:00,413.6982202013397,416.5216880571269,411.3420182082338,416.3427429199219,14206100,0.0,0.0,48.56777811593451,-1.452903595333055,430.05587850717865,405.3397300133292,6.498265270751442,0.008338047804368186
2024-10-22 00:00:00-04:00,416.0544182638452,428.07405197206367,415.6070554250592,425.0219421386719,25482200,0.0,0.0,58.877434314836414,-0.6105958533867124,429.7526269240949,405.4779455856707,6.924603219055231,0.00949293621532464
2024-10-23 00:00:00-04:00,428.35242251551375,428.5711433507003,420.0709156477079,422.1288757324219,19654400,0.0,0.0,54.92518906857441,-0.17449570217934252,428.29315500773413,406.19078969441426,7.037147825050742,0.009453932381149516
2024-10-24 00:00:00-04:00,422.85460145374896,423.5008427798279,419.94166109145596,422.25811767578125,13581600,0.0,0.0,55.07028606529453,0.17947665908792487,426.9156965148938,406.91407643432495,6.788721672430829,0.00945401919194764
2024-10-25 00:00:00-04:00,424.2763085648032,430.0027653012564,424.0874119188817,425.658203125,16899100,0.0,0.0,58.82541438294733,0.7259920017951913,426.9445631602621,406.89813703505047,6.857002097648278,0.009501554430535865
2024-10-28 00:00:00-04:00,429.14776948636137,429.426138690306,423.8189485737485,424.1072692871094,14882400,0.0,0.0,56.50551017783678,1.0221789071410399,426.0646306362032,407.40922800637486,6.767729813284651,0.00945134567305672
2024-10-29 00:00:00-04:00,425.5090727531412,430.64899709836675,423.32186444879665,429.43609619140625,17644100,0.0,0.0,62.044190955671894,1.6676770172888382,428.1388748262161,406.4544296171432,6.8076871587336125,0.008343566872725843
2024-10-30 00:00:00-04:00,434.8941538571239,435.9479823564893,429.5852356603292,430.0127258300781,29749100,0.0,0.0,62.59920372368728,2.2004032341101265,430.153628213924,405.97071565814633,6.786558516330002,0.008018102342085418
2024-10-31 00:00:00-04:00,412.9426186903331,413.7379809491165,403.93534969689097,403.9850769042969,53971000,0.0,0.0,36.59060431937659,0.5164258174934844,431.03507010076595,404.0762030925934,8.164474060391226,0.016102442388246357
2024-11-01 00:00:00-04:00,406.6296190582037,413.0818383039077,405.12839737386855,407.981689453125,24230400,0.0,0.0,40.66708714870227,-0.48999680778393895,431.29557887532616,403.25000523111913,8.231066013192628,0.016289272629306538
2024-11-04 00:00:00-05:00,407.414991879503,408.03140902561756,403.2096294840388,406.0827941894531,19672300,0.0,0.0,39.371959197070254,-1.4243993778778758,431.4036907730586,403.03452028651174,7.987545550934493,0.015933738070866888
2024-11-05 00:00:00-05:00,405.99332524640585,412.4853201284023,405.7050045203228,409.0653381347656,17626000,0.0,0.0,42.470997726005905,-1.9023249584919881,431.53333384516117,402.5817693042529,7.901314840730564,0.015756205593009463
2024-11-06 00:00:00-05:00,410.01974169679755,418.00300613139274,408.1307753660983,417.73455810546875,26681800,0.0,0.0,50.40621072346377,-1.5635274532362473,431.64076796222446,402.7447514469552,8.042094549627983,0.016414653322622645
2024-11-07 00:00:00-05:00,418.8281688837221,424.3657590257446,417.43632288625736,422.9540100097656,19901800,0.0,0.0,54.47746085119974,-0.8639033020152169,432.21688585011736,403.1220484760545,7.962618948903644,0.016594358801753615
2024-11-08 00:00:00-05:00,422.8446603519728,424.0177855133015,419.32525452801985,420.0808410644531,16891400,0.0,0.0,51.9493197739487,-0.5351183324280555,432.4549032355909,403.5024118278857,7.729041237216356,0.01669226904589131
2024-11-11 00:00:00-05:00,420.0609408352946,422.3376216288976,413.5788978774876,415.57720947265625,24503300,0.0,0.0,48.17537187545557,-0.6306891147759188,432.4268226305082,403.4181480726168,7.802589988230189,0.016824897595229465
2024-11-12 00:00:00-05:00,415.81581365023004,421.969790701444,414.77193671429194,420.5679931640625,19401200,0.0,0.0,52.30997789292433,-0.30025397325800895,432.66395346274913,403.6075217569774,7.759394559581752,0.017034482150673918
2024-11-13 00:00:00-05:00,419.1860937392156,426.8313104637277,415.7760330857976,422.7253723144531,21502200,0.0,0.0,54.01775247830327,0.13415427751522202,433.09670561706184,404.0774856671178,7.994814760892345,0.01698164957815594
2024-11-14 00:00:00-05:00,422.526533184943,425.6780973820496,417.5556327945319,424.4055480957031,30246900,0.0,0.0,55.35852315317063,0.6070049149157057,433.6731880591392,404.51208720941554,8.003932605651299,0.016992827461181734
2024-11-15 00:00:00-05:00,417.3767027455775,420.3393400677491,411.23267692258383,412.5847473144531,28247600,0.0,0.0,45.34153070389877,0.02758464070058153,433.7239956539231,404.14711945838155,8.373142503327584,0.018188394908493846
2024-11-18 00:00:00-05:00,412.4554971706168,415.9649517435253,409.7016291897124,413.34033203125,24742000,0.0,0.0,46.01397322344988,-0.36641690317878783,433.7361737443178,403.83470027911966,8.222441078362252,0.0181902779877559
2024-11-19 00:00:00-05:00,410.7057043157201,415.5076109291685,409.154785870871,415.3584899902344,18133500,0.0,0.0,47.859127438795944,-0.5099392225592965,433.03863776110165,403.5658910474921,8.088897076929053,0.017557357692172166
2024-11-20 00:00:00-05:00,414.4438422518667,414.86141123218795,408.19044109637775,413.0718688964844,19191700,0.0,0.0,45.9431270651355,-0.7989827312897546,432.6441165794554,403.0547115455446,8.023122206709592,0.017537096117870424
2024-11-21 00:00:00-05:00,417.8933391524707,418.1722655525636,408.7186214344056,411.2887268066406,20780200,0.83,0.0,44.4487280256164,-1.158581057475942,432.2140641507194,402.3878248873665,8.125302343241623,0.017550351912649385
2024-11-22 00:00:00-05:00,409.7944811664486,415.80138553605957,409.4856708735379,415.4029235839844,24814600,0.0,0.0,48.60275808003291,-1.0989164013668073,431.2138927246425,402.36246835934185,7.996046080333054,0.01760960372059195
2024-11-25 00:00:00-05:00,416.7776323033626,419.46727321033643,413.2611532266888,417.1860656738281,27691100,0.0,0.0,50.336168579836645,-0.8974023713065549,430.47565134557965,402.4085893770766,7.8681942162840945,0.017637893017494476
2024-11-26 00:00:00-05:00,417.98300734363517,427.396826920373,417.24585120009374,426.350830078125,23458900,0.0,0.0,58.148682132579545,0.0017981160783051564,429.80498054004005,402.7707335712881,8.03552043273129,0.018127797810839986
2024-11-27 00:00:00-05:00,423.48187093647766,425.5937771564677,420.4037088714897,421.3699951171875,18332400,0.0,0.0,53.246316884193064,0.30894786724718415,428.0809763549873,403.6304646850518,7.886349059438721,0.018302564566152
2024-11-29 00:00:00-05:00,418.48107704362025,423.2527401453399,416.1998390930093,421.8381652832031,16271900,0.0,0.0,53.641936070424,0.5834183936029831,427.9396682369877,405.557081640942,7.826817058930997,0.01173698605391664
2024-12-02 00:00:00-05:00,419.9554423160969,431.3416594246016,419.69642835819553,429.32940673828125,20207200,0.0,0.0,59.54133551439955,1.38940267256487,429.51932063325114,406.11220097319415,8.099560916607786,0.01213238445548895
2024-12-03 00:00:00-05:00,428.19374634076934,430.8136785324232,426.10178307894205,429.5485534667969,18302000,0.0,0.0,59.70289121256305,2.022519978612422,430.45491453186105,407.52318300231866,7.857584812098739,0.012023804213799928
2024-12-04 00:00:00-05:00,431.3715193088951,437.98610309109085,430.973057365549,435.7447204589844,26009400,0.0,0.0,64.07131591393784,2.9897845228571214,433.0038176826125,407.64221808398906,7.899010870112684,0.01226395238091227
2024-12-05 00:00:00-05:00,436.24279326556575,442.95696954495514,434.4994957116604,440.9247741699219,21697800,0.0,0.0,67.26612035906098,4.126764908845985,436.9412242962261,406.0238330768208,7.9389010817685435,0.011710901530025686
2024-12-06 00:00:00-05:00,440.605999369761,444.3914637865622,440.0780304611881,441.87115478515625,18821000,0.0,0.0,67.82895955260545,5.046027597558634,440.2637118171838,404.59306003340214,7.67993909916894,0.011485076180189246
2024-12-09 00:00:00-05:00,440.90485264962797,446.61288735234007,438.8128895478079,444.3117370605469,19144400,0.0,0.0,69.29520073568122,5.903433388774204,443.8117304581222,403.4681309920731,7.688514720980598,0.011303263420438504
2024-12-10 00:00:00-05:00,442.68804835999237,447.89799856218906,439.9087252497819,441.632080078125,18469500,0.0,0.0,65.75181457617947,6.294152658065855,446.199553953859,403.68579455688325,7.709997477511066,0.011052362846123365
2024-12-11 00:00:00-05:00,442.34933339299914,448.6252234428676,442.34933339299914,447.2704162597656,19200200,0.0,0.0,69.30809220558825,6.978325311937283,449.52866176384293,403.0269290564696,7.658793612313318,0.011085748384872047
2024-12-12 00:00:00-05:00,447.389907127457,454.4129240722559,447.389907127457,447.83819580078125,20834800,0.0,0.0,69.64986086434358,7.480125898020901,452.52828561768507,402.53858755126026,7.621916055183101,0.011082909223845118
2024-12-13 00:00:00-05:00,446.722508676707,449.7010474581427,443.8734464678006,445.5569763183594,20177800,0.0,0.0,66.44828257805938,7.6060532828445275,454.7306619463115,402.45135404489946,7.493750693408743,0.011223319128996673
2024-12-16 00:00:00-05:00,445.5569810702514,450.4481798147897,443.57461233779367,449.8604431152344,23598800,0.0,0.0,69.31392068553862,7.961332166057161,457.0747933782696,403.8347921930195,7.4494518922364055,0.00874582842500471
2024-12-17 00:00:00-05:00,449.2826833242326,453.5462901057899,447.84819595840975,452.7194519042969,22733500,0.0,0.0,71.08105956635193,8.377026212532883,459.51026454790053,405.33723301069324,7.32435491046096,0.008735202687746751
2024-12-18 00:00:00-05:00,449.59148560028365,450.9163784238889,435.34623528561843,435.71484375,24444500,0.0,0.0,51.92708055575023,7.2507547869215045,459.39261991049995,407.49051302407037,8.04213074676221,0.012849069788611849
2024-12-19 00:00:00-05:00,439.92861811038824,441.4826409757379,434.64892893973837,435.356201171875,22963700,0.0,0.0,51.61119560454594,6.257109050800864,458.7681664736127,410.3433996884967,7.955815124564877,0.012738210256042113
2024-12-20 00:00:00-05:00,431.45120224609855,442.04049490082355,426.988379811487,434.9278564453125,64263700,0.0,0.0,51.210503910865434,5.373135643450098,457.4726867961841,414.00279232979244,8.462693693477139,0.0126630467981733
2024-12-23 00:00:00-05:00,435.06732205874545,435.97384050264867,431.1722932989543,433.5830383300781,19152500,0.0,0.0,49.90063656698866,4.512052632561733,456.32745577549247,416.9660348250935,8.201183229921227,0.012613535549727226
2024-12-24 00:00:00-05:00,432.9853009034494,437.9163547514511,432.52707119819956,437.6473693847656,7164500,0.0,0.0,53.75082892179603,4.110215683862805,455.2083496131451,420.13127135853455,8.000333253016247,0.012708289879418598
2024-12-26 00:00:00-05:00,437.3983540840164,439.2512462781778,434.9577555797017,436.43206787109375,8194200,0.0,0.0,52.45275866078911,3.6515989715823025,454.94487649055725,421.40286826041927,7.735558784834808,0.011888668168830389
2024-12-27 00:00:00-05:00,432.9355230391817,433.5531436249425,424.71711987555517,428.881103515625,18117700,0.0,0.0,45.15597713266525,2.648314089198948,454.0896808167767,423.00917477404363,8.019800871313649,0.012270325228946558
2024-12-30 00:00:00-05:00,424.42821148968693,425.91249514442245,420.2841404099869,423.2029113769531,13158700,0.0,0.0,40.583941752241095,1.3791232661360482,453.87317862587264,423.3621515743227,8.061026745193967,0.012673747931080994
2024-12-31 00:00:00-05:00,424.4680695178944,425.09566152109494,419.0489019483089,419.88568115234375,13246500,0.0,0.0,38.15353305131916,0.10440413309936503,455.0203699093468,421.2705877322548,7.9171505185934,0.012090412932583157
2025-01-02 00:00:00-05:00,423.90026204092493,424.43820240788705,413.2611726539346,416.97686767578125,16896500,0.0,0.0,36.11135406969395,-1.1275393297531764,456.4383656914784,418.5954233710216,8.149999035404763,0.012154400478421184
2025-01-03 00:00:00-05:00,419.4672816518615,422.40599553232005,417.93320162542307,421.7286071777344,16662900,0.0,0.0,41.60957413288888,-1.7008316058521018,456.9477415533228,416.68443618105215,7.9556510940571945,0.011964037300962505
2025-01-06 00:00:00-05:00,426.3607841744266,432.6565862275622,423.85044657634234,426.21136474609375,20573600,0.0,0.0,46.30434987070083,-1.773010630324336,456.62876070042466,415.53207609156755,8.167960233755094,0.011892666059593857
2025-01-07 00:00:00-05:00,427.356962317073,429.00063686122985,419.18835553907815,420.7523498535156,18139100,0.0,0.0,41.8875117592846,-2.2448328702125764,456.426761759006,413.6221945398221,8.285411740069138,0.012111020537503264
2025-01-08 00:00:00-05:00,421.8381972488523,425.33476415419165,419.9255676122581,422.9339904785156,15054600,0.0,0.0,44.179118025427634,-2.4148780183277267,455.53041425003494,412.3807673905901,8.07996779734517,0.012099642728884663
2025-01-10 00:00:00-05:00,423.0036976315441,423.0833778600729,413.4304875422897,417.345458984375,20201100,0.0,0.0,39.844614746652,-2.9663930767159172,455.1682124083397,410.3143071229103,8.192319405947886,0.012317961461860647
2025-01-13 00:00:00-05:00,413.6496498082875,416.8971739621178,410.71096634455273,415.5921936035156,17604800,0.0,0.0,38.56622276525686,-3.5045483457016076,453.7301624426195,408.5845348230055,8.081046065510343,0.011764798517014828
2025-01-14 00:00:00-05:00,416.2098216251219,418.13242259689986,409.1469793562449,414.0780334472656,16935900,0.0,0.0,37.448740944798864,-4.0070297985883485,451.8484581622666,407.09022286800683,8.145645863734957,0.011708939764298475
2025-01-15 00:00:00-05:00,417.52478252697114,426.51022596326726,416.6680604251186,424.6772766113281,19637800,0.0,0.0,48.662597095496466,-3.509524020114725,449.6219509689054,407.22876009066493,8.451827767468291,0.013422472399683768
2025-01-16 00:00:00-05:00,427.0581034768278,427.8450559110229,422.76461308505725,422.953857421875,15300000,0.0,0.0,47.18147390906172,-3.217226447875362,445.95198631880294,408.2080661714315,8.211014557360958,0.013125853069131926
2025-01-17 00:00:00-05:00,432.4274897834489,432.816010728012,426.53017961505896,427.3868713378906,26197500,0.0,0.0,51.28843714118909,-2.5979240894543523,440.58757339677135,411.0392210368224,8.328953039416387,0.01331167017490723
2025-01-21 00:00:00-05:00,428.55235740588927,429.2496581837696,423.96996920550396,426.8588562011719,26085700,0.0,0.0,50.78194139966624,-2.125230582059885,439.44549978750064,411.2956958912103,8.111148463619907,0.010498742445297892
2025-01-22 00:00:00-05:00,435.8841949618168,445.55699830786784,434.3301720077898,444.4911193847656,27803800,0.0,0.0,63.68053031229292,-0.3241052088338279,441.65279197724317,410.00189552275685,8.867362295268197,0.014129410982057309
2025-01-23 00:00:00-05:00,440.30716256200645,445.03897030447143,439.8090775364838,444.9991149902344,18389300,0.0,0.0,63.97346901066414,1.131250276709352,443.8345635906009,408.8272497638913,8.607543043319584,0.014120645172867246
2025-01-24 00:00:00-05:00,443.4550766157881,444.9393603072831,439.70946738545626,442.3592834472656,15549500,0.0,0.0,61.21057241278901,2.04800946250532,445.38344693775844,408.1559909284525,8.370550511995193,0.01418064610354321
2025-01-27 00:00:00-05:00,422.3860783898249,433.5332238334213,421.8780219291722,432.8956604003906,35647800,0.0,0.0,52.46306546196318,1.9879960520534041,444.700398639121,408.3638683286524,9.235601298145069,0.014886761781335153
2025-01-28 00:00:00-05:00,432.93552501884864,446.66274757404807,429.72785612913765,445.4872741699219,23491700,0.0,0.0,60.54273314222824,2.9227809906983566,446.51752348996376,407.4522641076925,9.785550594342594,0.016264931565526344
2025-01-29 00:00:00-05:00,444.97921209968376,445.16848684550723,438.7132938317083,440.6358947753906,23581400,0.0,0.0,56.55435001600602,3.234849683341281,447.98568592016335,407.1595808034695,9.57043843319052,0.015942062482108332
2025-01-30 00:00:00-05:00,417.1661258658952,421.24045777086803,411.57762641112805,413.4006042480469,54586300,0.0,0.0,40.44571288886267,1.2698677943892562,448.3447439070646,405.82029210367756,10.96242628540995,0.021149804726285696
2025-01-31 00:00:00-05:00,417.37536767699305,419.078810069406,413.32094799383236,413.4703674316406,34223400,0.0,0.0,40.49246956955292,-0.27855420418268295,448.6334217641648,404.8900828745071,10.590671698993074,0.021088369151729684
2025-02-03 00:00:00-05:00,410.02361028085903,413.819015846871,407.09486781879804,409.3462219238281,25679100,0.0,0.0,38.564878178856304,-1.8175226002205136,449.16835297526353,403.5920870882131,10.314491436784495,0.021147742313705854
2025-02-04 00:00:00-05:00,411.1094311345796,412.3347312724244,408.1707172498281,410.7906494140625,20532100,0.0,0.0,39.648493845804815,-2.8873295768101457,449.54791798306616,402.11872630404326,9.875171621485338,0.02098328173747516
2025-02-05 00:00:00-05:00,410.7707509847515,412.2450632912695,408.82820710975375,411.7071533203125,16316700,0.0,0.0,40.367225587786784,-3.6194819724794343,449.6062641602306,400.60995898430065,9.413863375773223,0.020819557700110364
2025-02-06 00:00:00-05:00,412.41441067873023,416.59833715024297,412.41441067873023,414.2274475097656,16309800,0.0,0.0,42.398705612979455,-3.9508088773638406,449.67397313119835,399.88975977895785,9.090814836784455,0.020709438627822003
2025-02-07 00:00:00-05:00,414.8849302333569,417.0466023053385,406.5370200109021,408.1806945800781,22886800,0.0,0.0,38.96866880694147,-4.647734077834002,449.9647963635266,398.1236069567859,9.19215536947388,0.02089147779842466
2025-02-10 00:00:00-05:00,412.1255190561223,413.8688167120759,409.34622639599064,410.6412353515625,20817900,0.0,0.0,41.05826385966175,-4.944510010074453,450.135890298922,397.2820906581092,8.94186728108273,0.020769462775432814
2025-02-11 00:00:00-05:00,408.0711332799312,410.9101937368833,407.7324086942097,409.8642272949219,18140600,0.0,0.0,40.585698425240516,-5.1826626223586345,450.31519250885816,396.5299918173137,8.530147121196363,0.020754817824058237
2025-02-12 00:00:00-05:00,405.65041091349894,409.17686151888216,402.82129152637,407.4734191894531,19121700,0.0,0.0,39.094680316860476,-5.500907479457908,450.59121255805746,395.59351034233316,8.423917738864615,0.020778110175433566
2025-02-13 00:00:00-05:00,405.4412312140984,409.425911619151,404.80366775695455,408.9676818847656,23891700,0.0,0.0,40.5643635174909,-5.568355770955748,450.46922930669507,394.1445341210393,8.152369604816888,0.019882424082422103
2025-02-14 00:00:00-05:00,406.22818963820515,407.3438952203064,404.3255012113121,406.86572265625,22758500,0.0,0.0,39.13381463222735,-5.725420487413032,450.452979362074,392.55197058909783,7.90164182400522,0.019890665215795494
2025-02-18 00:00:00-05:00,406.4374029097933,409.0274512633779,404.94314775203674,408.0711364746094,21423100,0.0,0.0,40.43121302338947,-5.687071564797748,449.92300604828307,391.15037041656063,7.628974801672072,0.019717699468119576
2025-02-19 00:00:00-05:00,406.31786140389937,413.8987012007662,406.0887313388178,413.18145751953125,24114200,0.0,0.0,45.71420748540192,-5.184555242187514,449.25538425151456,390.45025234516515,7.641903020263237,0.01998843314951989
2025-02-20 00:00:00-05:00,414.52900508229465,418.5416276159257,411.78404435480104,415.3674621582031,23508700,0.83,0.0,47.84501774351009,-4.557380485579529,445.57463239013504,391.21863848388836,7.578737323181909,0.01738833405426321
2025-02-21 00:00:00-05:00,416.57521868274245,417.28390907488637,407.14255413255484,407.4619445800781,27524800,0.0,0.0,41.50078862584354,-4.644707870702007,441.15569045571306,391.8838633772948,7.761781438835454,0.017703335180943025
2025-02-24 00:00:00-05:00,407.7614192904554,408.6198287275297,398.58825743588903,403.2596740722656,26443700,0.0,0.0,38.57284825622094,-4.995419476527161,436.774489991698,392.35510290380984,7.923909285464397,0.017752356820230884
2025-02-25 00:00:00-05:00,400.3649855487621,401.18349019975926,395.9730546936776,397.17083740234375,29387400,0.0,0.0,34.74755185131882,-5.698984833944905,434.5458175312644,391.0112930644387,7.878388577830369,0.017490273380467675
2025-02-26 00:00:00-05:00,397.28064827533655,402.860400830509,393.5275288045757,398.99749755859375,19619000,0.0,0.0,36.77332966203993,-6.039549077759943,427.0736983608192,393.8344345737511,7.982280252694863,0.015818413139353053
2025-02-27 00:00:00-05:00,400.53467393026557,404.9964840093174,391.45137377356565,391.8106994628906,21127400,0.0,0.0,32.49848370636764,-6.810851976386118,419.83226700878316,396.1933463945372,8.379625251484638,0.016027928288265495
2025-02-28 00:00:00-05:00,391.94046026830176,396.9013540385077,385.86162375466716,396.26251220703125,32845700,0.0,0.0,37.356403349660845,-6.982402211089038,419.74838841588246,394.56341578333627,8.569632753795773,0.009625748920111105
2025-03-03 00:00:00-05:00,398.0891633417286,398.0891633417286,385.4523593369203,387.778076171875,23007700,0.0,0.0,32.54866568200261,-7.714057238676844,420.67315587730667,391.0694191959355,8.86014498601095,0.01052867038491436
2025-03-04 00:00:00-05:00,382.6974135187692,391.86058386063223,380.30181761040467,387.8978576660156,29342900,0.0,0.0,32.680390838172514,-8.189826531542963,421.4328341410934,388.1649045063675,9.052903647740708,0.01042845093231383
2025-03-05 00:00:00-05:00,388.62653647287385,400.9339589862258,388.09750890861034,400.2851257324219,23433100,0.0,0.0,44.70644563031978,-7.481090758188657,420.7805497270527,387.76663655224417,9.33741776720281,0.012943250616444095
2025-03-06 00:00:00-05:00,393.557486671848,401.4130601425524,391.9604125552081,396.1627197265625,23304600,0.0,0.0,42.01639596060234,-7.169411748099947,419.99391708752796,386.9988258323939,9.345648468641489,0.013070280615483836
2025-03-07 00:00:00-05:00,391.601087821307,394.07652376953155,384.83351327034705,392.5892639160156,22034100,0.0,0.0,39.781810164007595,-7.128578095474666,418.7927620149525,386.0361625455944,9.487331182039627,0.013023196008645242
2025-03-10 00:00:00-04:00,385.1329632711281,385.69193466137494,376.5287638766263,379.46337890625,32840100,0.0,0.0,32.86722490367157,-8.06242770635663,419.91803731792356,382.0391556752405,9.956843243278895,0.014530509993038029
2025-03-11 00:00:00-04:00,378.30548307291184,385.29265558349334,376.2193166501511,379.7528381347656,30380200,0.0,0.0,33.14320049114549,-8.679105979201893,419.9425830457332,378.92577022575114,9.893735792569135,0.014395089758771882
2025-03-12 00:00:00-04:00,382.2482670126177,384.5140963348653,378.2555969008229,382.5676574707031,24253600,0.0,0.0,35.90265912442186,-8.838807288915234,419.2420288589329,376.89666743012964,9.634076052674368,0.014608882514600637
2025-03-13 00:00:00-04:00,382.4578672121625,384.6139126915579,376.75833925298997,378.0758972167969,20473000,0.0,0.0,33.52475344878775,-9.221519306365053,419.00260957636556,374.1963345154313,9.507040151666766,0.014721277048361283
2025-03-14 00:00:00-04:00,379.0840519928303,389.51491455417886,378.81455773398244,387.84796142578125,19952800,0.0,0.0,42.45440513580386,-8.636738479361384,417.5017056682102,373.5852663776882,9.645038522074996,0.01607354310707033
2025-03-17 00:00:00-04:00,385.9913968692823,391.99036302361236,384.8634626840814,387.98773193359375,22474300,0.0,0.0,42.5732287822331,-8.069002708528842,416.1490389194874,373.0501340541454,9.465171509036136,0.016073503523859566
2025-03-18 00:00:00-04:00,386.36071271152235,386.6601507855219,380.4016513456866,382.81719970703125,19486900,0.0,0.0,39.33729466756953,-7.944705143089209,414.53758970188653,372.1361895949884,9.330950728955495,0.016207608842422727
2025-03-19 00:00:00-04:00,384.8235322758774,388.9659214939022,383.29633715100766,387.1093444824219,19185500,0.0,0.0,43.19703330184533,-7.4143897448578855,411.3119566929837,372.7546113001804,9.103648661663742,0.016143768603749362
2025-03-20 00:00:00-04:00,385.0331131975468,391.07204471614995,382.5776297310475,386.131103515625,18470500,0.0,0.0,42.532806598489174,-6.992442319152076,406.73283813054064,374.41009399836565,9.060131970480791,0.01602334596237831
2025-03-21 00:00:00-04:00,382.5177544739553,391.0221306945889,382.09851071654674,390.54302978515625,39675900,0.0,0.0,46.52644338279965,-6.230222242535035,403.91248473247146,375.5385559169426,9.05038111387803,0.015918562944439024
2025-03-24 00:00:00-04:00,394.67543616141086,394.67543616141086,389.09568331150246,392.35968017578125,21004500,0.0,0.0,48.125023058107935,-5.4171236072720035,402.0193272928649,376.3417139669008,8.802479095023056,0.01585872802056745
2025-03-25 00:00:00-04:00,393.19816458592396,395.63366532055824,391.9205113732519,394.4358825683594,15775000,0.0,0.0,49.965979988195386,-4.552723931720379,401.59426650979134,376.4932792665758,8.438955870186149,0.015574405465991937
2025-03-26 00:00:00-04:00,394.27618318122023,394.5856126855185,387.85797313035886,389.2554016113281,16108400,0.0,0.0,45.615993322804236,-4.236862565034642,400.2510871098219,376.8622490718187,8.3167189905414,0.015788305643093706
2025-03-27 00:00:00-04:00,389.4151007040484,391.5212195564284,386.6900923994873,389.8642578125,13766800,0.0,0.0,46.20872034543573,-3.8925397737767184,400.0759618658975,376.842730150704,8.067748145284234,0.015284520646419629
2025-03-28 00:00:00-04:00,387.36882809704144,388.4169222438939,376.2392666189567,378.1058349609375,21632000,0.0,0.0,37.66991375815485,-4.5164056232146095,399.4220754162606,375.68094887573153,8.464694077302738,0.01641821078915127
2025-03-31 00:00:00-04:00,371.8573344110368,376.3790320336197,366.5670283067677,374.7021179199219,35184700,0.0,0.0,35.618121869866044,-5.225241985753087,400.0206554302162,373.7747730365807,8.684273547078956,0.015880218292193063
2025-04-01 00:00:00-04:00,373.96346276032,382.1484487727996,372.54608191207893,381.4896545410156,19689500,0.0,0.0,42.36034992393628,-5.179595280238743,399.8983513157231,373.25625683857373,8.749851640910508,0.01648026643826555
2025-04-02 00:00:00-04:00,377.2773862564683,384.3743428432238,375.92985398533636,381.43975830078125,16092600,0.0,0.0,42.325260216024176,-5.088785791888711,397.5344819620231,373.7355894491097,8.728040013551718,0.014589257593689885
2025-04-03 00:00:00-04:00,374.10321411915555,376.788287190408,368.67318036225987,372.42626953125,30198000,0.0,0.0,36.45116000656092,-5.678671641128233,396.64208481772323,372.2543415738784,9.016507008192407,0.015262642237787885
2025-04-04 00:00:00-04:00,363.4627502923482,373.9035742050073,358.8212773354498,359.18060302734375,49209900,0.0,0.0,29.886870411252957,-7.132753077269854,398.6511604551143,366.90439984762014,9.44977771257563,0.01688428008049333
2025-04-07 00:00:00-04:00,350.2370336524557,370.32015981776436,344.1581969485817,357.2042236328125,50425000,0.0,0.0,29.0463483728726,-8.348365629055422,401.0455811399045,362.2840636354861,10.643505223761847,0.015441171166667517
2025-04-08 00:00:00-04:00,367.585185716996,372.9652928837084,349.6081786868937,353.9102783203125,35868900,0.0,0.0,27.650609653669875,-9.468395423855497,403.22586129687227,357.519527497073,11.551620150408478,0.015477739475197415
2025-04-09 00:00:00-04:00,352.8921435234206,392.50941370351666,352.45294739016697,389.7744140625,50199700,0.0,0.0,53.723983061208735,-7.377053005318032,403.93783254683586,357.52823190628914,13.587680590618564,0.028063870878274173
2025-04-10 00:00:00-04:00,381.3598744812396,383.19649903483815,367.12599611378243,380.65118408203125,38024400,0.0,0.0,48.89657789917457,-6.382246915101632,404.0347485486098,357.6888445910386,14.234876116197066,0.028467349103158505
2025-04-11 00:00:00-04:00,379.9425037151649,389.3352333779351,378.19571053548395,387.7381896972656,23839200,0.0,0.0,52.469448119910304,-4.964763098302569,404.0226896499963,357.68992631680055,14.013779453786642,0.028175796238048945
2025-04-14 00:00:00-04:00,392.4994245329486,393.92679674338564,383.5059256339463,387.0993347167969,19251200,0.0,0.0,52.11572759983312,-3.8485831479897,403.9267530815765,357.6970231635406,13.757143143476123,0.028179328781583395
2025-04-15 00:00:00-04:00,387.79806728846995,391.17187833074144,383.4560325474498,385.0231628417969,17199900,0.0,0.0,50.914457732602564,-3.09584523793842,404.0952532187879,357.7491193398058,13.325621903462945,0.028033313003160042
2025-04-16 00:00:00-04:00,379.97244183574617,380.9106912763521,367.32564600100716,370.92901611328125,21967800,0.0,0.0,43.57202913986555,-3.595132423643747,403.49456215873545,356.7317775629442,13.637900113272,0.02910346564072744
2025-04-17 00:00:00-04:00,373.0651098854367,373.6340726815441,366.2176953329466,367.1060485839844,20943700,0.0,0.0,41.81073101028676,-4.250307743286783,403.029550309111,355.29428391940456,13.193505630080965,0.0291663899428061
2025-04-21 00:00:00-04:00,362.1551460624454,363.8121077971333,355.01825440362086,358.4619140625,20807300,0.0,0.0,38.06405820429521,-5.404745773287459,402.44086787088384,352.67485478536616,13.114526240815433,0.029358388104243544
2025-04-22 00:00:00-04:00,362.7141283475077,367.09606804173376,359.20055908423666,366.1478271484375,19485000,0.0,0.0,42.95854579582469,-5.634506197078906,400.62989384248334,351.8646435110323,12.794499650702457,0.029851167087204138
2025-04-23 00:00:00-04:00,375.3708716590499,379.6929540391626,372.33643389707953,373.7039489746094,20545500,0.0,0.0,47.362547835280864,-5.147539475202905,398.1310306161852,352.29031337795544,12.848115882132646,0.030270918082930705
2025-04-24 00:00:00-04:00,375.01155205300716,387.7381880213899,374.5024768665421,386.59027099609375,22232300,0.0,0.0,53.899525881261,-3.679382714467067,397.6986439631225,352.4561869694947,12.932838965321778,0.031229324727025408
2025-04-25 00:00:00-04:00,386.29083932956814,391.44138750936105,383.8952433175299,391.1319580078125,18973200,0.0,0.0,55.9747130213663,-2.1248873401412993,397.93385718193053,352.3477437702179,12.54807505292959,0.03133720265082236
2025-04-28 00:00:00-04:00,391.241728610284,392.0202980494585,385.9315006090283,390.4432067871094,16579400,0.0,0.0,55.566212575571356,-0.9377057358094589,399.4868866786511,352.02845145611457,12.086698080608205,0.030501610938964127
2025-04-29 00:00:00-04:00,390.5829324517716,394.3759872470841,389.66463540586307,393.31793212890625,14974000,0.0,0.0,56.97749839531003,0.23243122631248525,401.6095354602596,351.7673840954044,11.559887634937692,0.030409326222954152
2025-04-30 00:00:00-04:00,389.58477271143016,395.93313400867555,383.73552563819743,394.53570556640625,36461100,0.0,0.0,57.591973831908795,1.2437007303816472,403.38788426056385,351.29364039763925,11.605439116047721,0.030197309948930613
2025-05-01 00:00:00-04:00,430.3199808366381,436.1892106723326,424.12136912560175,424.6204528808594,58938100,0.0,0.0,69.26934800978404,4.4217555323821784,412.71907325743143,346.2805208587795,13.751729543896193,0.03443334829757355
2025-05-02 00:00:00-04:00,430.948839257634,438.63474141621873,429.20204608174254,434.48236083984375,30757400,0.0,0.0,71.99192207713543,7.6479990402800695,423.3410384147283,341.86416483234206,13.770483757572133,0.033906879273621376
2025-05-05 00:00:00-04:00,432.07675654489867,438.6946118778074,431.3181395047298,435.3707275390625,20136100,0.0,0.0,72.2305881132105,10.159392875291303,431.6752043001849,341.14901139805727,13.313768658679667,0.03235556517648528
2025-05-06 00:00:00-04:00,431.408009380462,436.92787448428356,430.3798980651205,432.5159606933594,15104200,0.0,0.0,70.16154511586512,11.783501882263522,437.57518695949784,342.780202444799,12.830497784428479,0.03238325498126146
2025-05-07 00:00:00-04:00,433.04500054847074,437.3171563878889,430.319992206568,432.555908203125,23295300,0.0,0.0,70.17441993137334,12.924853733151622,441.86757683737045,346.35237555520763,12.413831098492222,0.0321570845956824
2025-05-08 00:00:00-04:00,437.12748451655574,442.85698666150637,434.86165526525525,437.3670654296875,23491300,0.0,0.0,71.75511816388942,14.055579506386323,447.75961508742427,345.2196024418726,12.262920195627162,0.024061255605205056
2025-05-09 00:00:00-04:00,439.19371771814804,439.93235195021686,435.08127232610667,437.9260559082031,15324200,0.0,0.0,71.94118498537765,14.82589005627932,453.10308844834316,345.6036162635709,11.733503011947377,0.02308420879112202
2025-05-12 00:00:00-04:00,445.12281367736733,448.5465208630377,438.9740982732109,448.4367370605469,22821900,0.0,0.0,75.24357418503112,16.09891260118269,459.8951864708346,344.88137297740764,11.654000293582177,0.023254107986803503
2025-05-13 00:00:00-04:00,446.9594623818115,449.8441812103938,444.54388351816056,448.3169860839844,23618800,0.0,0.0,75.13507298852238,16.903278761011563,465.82057242075854,345.0777521642024,11.200164393485824,0.02322740188393886
2025-05-14 00:00:00-04:00,447.3187935842875,453.0682176126866,447.3187935842875,452.1099853515625,19902800,0.0,0.0,76.30077522303264,17.643425651043174,471.66607522608444,345.940931609853,10.81082579597963,0.02302555220970565
2025-05-15 00:00:00-04:00,450.7699890136719,456.19000244140625,450.42999267578125,453.1300048828125,21992300,0.83,0.0,76.61823459391337,18.103617215229747,476.0816246766899,349.7454810362008,10.450053222382872,0.020541396134799925
2025-05-16 00:00:00-04:00,452.04998779296875,454.3599853515625,448.7300109863281,454.2699890136719,23849800,0.0,0.0,76.98922296536406,18.348796038461842,479.21232821851595,355.3311715373434,10.105761875443694,0.020060405295830648
2025-05-19 00:00:00-04:00,450.8800048828125,459.5899963378906,450.79998779296875,458.8699951171875,21336500,0.0,0.0,78.47345440577296,18.698736674169595,480.5174135816521,364.0668942796761,10.011779494692135,0.01835855162440611
2025-05-20 00:00:00-04:00,455.5899963378906,458.3399963378906,454.32000732421875,458.1700134277344,15441800,0.0,0.0,77.65265018692531,18.703976676500872,481.0458911420925,372.74063534716527,9.621651515997607,0.018492763413521858
2025-05-21 00:00:00-04:00,454.57000732421875,457.7799987792969,451.80999755859375,452.57000732421875,19216900,0.0,0.0,71.23336359559215,18.048207226462807,480.1959316706719,381.47720065354684,9.388677541222108,0.01908199581254609
2025-05-22 00:00:00-04:00,454.95001220703125,460.25,453.8999938964844,454.8599853515625,18025600,0.0,0.0,72.24382021498454,17.511426477457974,480.22414709830866,388.2759566614569,9.266628622262047,0.018191220846800825
2025-05-23 00:00:00-04:00,449.9800109863281,453.69000244140625,448.9100036621094,450.17999267578125,16883500,0.0,0.0,67.05954849674562,16.517978594813997,479.12702070814123,395.27788651842127,9.029725269918552,0.01863436037302015
2025-05-27 00:00:00-04:00,456.4800109863281,460.95001220703125,456.1199951171875,460.69000244140625,20974300,0.0,0.0,71.93098317032138,16.389802501740405,477.88158987262256,403.5479969193696,9.154032002870798,0.018842487397285917
2025-05-28 00:00:00-04:00,461.2200012207031,462.5199890136719,456.92999267578125,457.3599853515625,16992000,0.0,0.0,68.47563791414501,15.836958871775039,474.6817608541405,413.15203126011727,8.899458026800785,0.019167248438354243
