Date,Open,High,Low,Close,Volume,Dividends,Stock Splits,Capital Gains,RSI,MACD,BB_upper,BB_lower,ATR,Volatility
2024-05-29 00:00:00-04:00,74.16209460265686,74.42525774316286,73.99640369853833,74.02564239501953,10402400,0.0,0.0,0.0,,,,,0.0,
2024-05-30 00:00:00-04:00,74.24006340934064,74.42525172018506,74.04513382451589,74.22057342529297,7404400,0.0,0.0,0.0,,,,,0.0,
2024-05-31 00:00:00-04:00,74.15235460954958,75.41941190752306,73.8112240845601,75.38042449951172,11873900,0.0,0.0,0.0,,,,,0.0,
2024-06-03 00:00:00-04:00,75.13675401783539,75.71180895447264,74.91258573107726,75.35118103027344,12223400,0.0,0.0,0.0,,,,,0.0,
2024-06-04 00:00:00-04:00,75.36093038298439,76.1309149178076,75.23422689095804,76.00421142578125,9097500,0.0,0.0,0.0,,,,,0.0,
2024-06-05 00:00:00-04:00,75.90674233943798,76.01395585101486,75.23423000946838,75.83851623535156,9095100,0.0,0.0,0.0,,,,,0.0,
2024-06-06 00:00:00-04:00,75.7897879722706,76.34534551892939,75.63383834144611,76.07244110107422,9759400,0.0,0.0,0.0,,,,,0.0,
2024-06-07 00:00:00-04:00,76.0529346130887,76.26736161186719,75.61433934183216,75.69231414794922,7490500,0.0,0.0,0.0,,,,,0.0,
2024-06-10 00:00:00-04:00,75.80928209446795,75.82877951742869,75.1465109994764,75.63384246826172,10033800,0.0,0.0,0.0,,,,,0.0,
2024-06-11 00:00:00-04:00,75.52662253042534,75.5948486328125,74.9710650006764,75.5948486328125,8583700,0.0,0.0,0.0,,,,,0.0,
2024-06-12 00:00:00-04:00,75.74105081041888,75.78003821758803,74.5811996144216,74.76638793945312,14172800,0.0,0.0,0.0,,,,,0.0,
2024-06-13 00:00:00-04:00,74.73714234066314,74.93207192241832,74.42525054820273,74.86384582519531,8723500,0.0,0.0,0.0,,,,,0.0,
2024-06-14 00:00:00-04:00,74.64941835257196,75.00029754638672,74.45448877204679,75.00029754638672,7246400,0.0,0.0,0.0,,,,,0.0,
2024-06-17 00:00:00-04:00,74.71766951675572,75.84827473554957,74.56171986666631,75.71182250976562,8762000,0.0,0.0,0.0,64.78232942229343,,,,0.7971348098718251,
2024-06-18 00:00:00-04:00,75.5948533642737,75.90674519986298,75.48763984865666,75.80928039550781,6567100,0.0,0.0,0.0,65.94580261475605,,,,0.7701327056814323,
2024-06-20 00:00:00-04:00,75.67282390112175,76.0334518365306,75.44865560739564,75.64358520507812,9316300,0.0,0.0,0.0,62.184359321078176,,,,0.7568943859281133,
2024-06-21 00:00:00-04:00,75.79952167625227,76.18938827828582,75.64357949709103,75.70205688476562,11595400,0.0,0.0,0.0,62.98667596292234,,,,0.7418168427328762,
2024-06-24 00:00:00-04:00,75.8807919994586,76.60749324631672,75.72367246786013,76.50929260253906,9722600,0.582,0.0,0.0,71.86235466614144,,,,0.7535039512198919,
2024-06-25 00:00:00-04:00,76.224503623847,76.33252657702498,75.72367061295174,76.01828002929688,10705700,0.0,0.0,0.0,62.106652531156605,,,,0.7557980968175658,
2024-06-26 00:00:00-04:00,75.48798721659293,76.04773911120652,75.33086019736099,75.86115264892578,8405200,0.0,0.0,0.0,59.33089254826515,,76.70280764578234,74.26719204904188,0.7530181551767063,
2024-06-27 00:00:00-04:00,75.84151822438614,75.91025942469629,75.22283992936588,75.5370864868164,4592300,0.0,0.0,0.0,53.97308028494031,,76.57782765910139,74.54331644490253,0.7483325366162571,0.006261268441186105
2024-06-28 00:00:00-04:00,75.5272701570269,75.61564848756075,75.00679251682219,75.20320129394531,8396900,0.0,0.0,0.0,49.05765034291218,,76.44131447393234,74.77809241693681,0.7383699247678501,0.006363993007715339
2024-07-01 00:00:00-04:00,75.59600744237979,75.88078704306503,74.61398608428938,74.67290496826172,9275300,0.0,0.0,0.0,42.445771589761875,,76.49713599408523,74.65151894365891,0.7761149986255499,0.0055251445636183
2024-07-02 00:00:00-04:00,74.76128284133372,75.20319694513441,74.52559981464368,75.19337463378906,8233400,0.0,0.0,0.0,49.62235139020378,,76.49938553535766,74.63348876273805,0.7690780080444909,0.005769541302462717
2024-07-03 00:00:00-04:00,75.06572723388672,75.3308697471673,74.86931843494777,75.06572723388672,5600600,0.0,0.0,0.0,48.040206046408706,,76.45407058138214,74.5849552975241,0.7471118154855648,0.005395038131486991
2024-07-05 00:00:00-04:00,75.06572026115256,76.03791937584813,74.95769730482762,75.98881530761719,7202900,0.0,0.0,0.0,58.37571132092504,0.17027624899377258,76.47405926000773,74.57999652612507,0.7709054051666326,0.006098273007864489
2024-07-08 00:00:00-04:00,76.04774346973453,76.13612180394622,75.66475570369231,75.87097930908203,4486800,0.0,0.0,0.0,56.821895498235115,0.19102272702259881,76.44465515555059,74.58925445138301,0.7495097405300102,0.006067545940268196
2024-07-09 00:00:00-04:00,75.87098460466956,76.03792646465203,75.64511635887064,75.67457580566406,5635700,0.0,0.0,0.0,54.23088044147858,0.18943267703437527,76.44312963882419,74.5890061338809,0.7240311951908233,0.00598895354996737
2024-07-10 00:00:00-04:00,75.81205221508382,76.0379204429956,75.62547323609132,76.00846099853516,7249100,0.0,0.0,0.0,57.757333869783764,0.2126628506682522,76.48545970267907,74.58413792305336,0.7017751960274985,0.006065237349770512
2024-07-11 00:00:00-04:00,75.9004351116429,76.03791750863878,75.50762505212806,75.72367095947266,11414600,0.0,0.0,0.0,53.9397643171536,0.20572132717222757,76.4951809739598,74.58729888443864,0.6895264289191573,0.006129803004092292
2024-07-12 00:00:00-04:00,76.12629735220845,76.46018853171479,75.80223597697706,76.05755615234375,10028200,0.0,0.0,0.0,57.48751701805315,0.2245731252642429,76.51495714367995,74.69663953600754,0.6928829391565128,0.005611446566090557
2024-07-15 00:00:00-04:00,76.00846408230976,76.20486538150035,75.5567351003879,75.61565399169922,8481200,0.0,0.0,0.0,51.80061496795078,0.2015323602391561,76.48650101553122,74.80027648080667,0.6896863207247945,0.005804732907903097
2024-07-16 00:00:00-04:00,75.64511185397576,76.35216850382898,75.53708889401324,76.34234619140625,7987300,0.0,0.0,0.0,58.98590618108785,0.2391535618600784,76.55181299307559,74.86916936776426,0.6986429842312907,0.006148065905850204
2024-07-17 00:00:00-04:00,76.46018756508934,77.47166841840931,76.44054294124557,77.3243637084961,18297900,0.0,0.0,0.0,66.29758794677883,0.3442410452698397,76.88781147648147,74.6944250042314,0.729405787286417,0.006435742539164608
2024-07-18 00:00:00-04:00,77.03956873553449,77.72698814754048,76.93154579210822,76.94136810302734,14877200,0.0,0.0,0.0,61.67928190800165,0.3920992128011278,77.0537362263714,74.64170902509343,0.7341226850111199,0.006574628332989932
2024-07-19 00:00:00-04:00,77.13778686919687,77.23598751444592,76.56821263763179,76.68605041503906,11816500,0.0,0.0,0.0,58.74161430674704,0.40475933803254804,77.15516486838158,74.64452690407936,0.7293835558541925,0.00660615717095143
2024-07-22 00:00:00-04:00,76.86281328570439,76.92173966564981,76.37180257545599,76.73515319824219,9408200,0.0,0.0,0.0,59.144630390014,0.4139826286769903,77.2541427979152,74.6488586058934,0.716565951164166,0.006606152184126099
2024-07-23 00:00:00-04:00,76.81371813665909,76.95120053870376,76.3914486183136,76.46018981933594,6937900,0.0,0.0,0.0,55.85443821731779,0.3945567021902008,77.24765207829164,74.65043904719666,0.7053649489660224,0.006232658172827472
2024-07-24 00:00:00-04:00,76.18521776178203,76.52892373417005,75.890608361319,76.39144134521484,10620400,0.0,0.0,0.0,55.03014918063369,0.36935637777988006,77.2803995232328,74.65500773384727,0.700575693529239,0.0060538155039090505
2024-07-25 00:00:00-04:00,76.65659075464828,77.46184803098747,76.30306243896484,76.30306243896484,15686200,0.0,0.0,0.0,53.928333178816715,0.3383531752187423,77.30943548970369,74.67016274638029,0.7333049719930523,0.0060387887038710645
2024-07-26 00:00:00-04:00,76.60749134654006,77.16724324364323,76.42090488342944,77.078857421875,10271900,0.0,0.0,0.0,61.26068577722471,0.37209381942471964,77.45032159158212,74.68345373800771,0.7426532457562903,0.006319089275327194
2024-07-29 00:00:00-04:00,76.9315503682416,77.27526384080379,76.53874781484791,77.10831451416016,9115000,0.0,0.0,0.0,61.511165038502746,0.39663826518805934,77.55688990244421,74.7673967491671,0.7422148729134038,0.006191048349142364
2024-07-30 00:00:00-04:00,76.18522757060023,76.71552006437167,75.85133637427188,76.58785247802734,11818400,0.0,0.0,0.0,54.77260494128951,0.36982981080757327,77.48317730153668,75.0326041010512,0.7789836776973232,0.006170033466814573
2024-07-31 00:00:00-04:00,76.58784555340534,76.93155153896952,76.11647948526837,76.45036315917969,10474100,0.0,0.0,0.0,53.11716796197214,0.3336436423585667,77.446038883014,75.19544137211297,0.7815614188404533,0.006055192209528287
2024-08-01 00:00:00-04:00,76.59767300067283,77.32436677490635,76.3619899508026,77.15742492675781,16535000,0.0,0.0,0.0,59.83951969037812,0.3578942366584954,77.44882006085966,75.40182996355439,0.7944768049306893,0.006302763540243478
2024-08-02 00:00:00-04:00,77.74663614648348,78.31621038377317,76.40127155936877,77.83502197265625,24086900,0.0,0.0,0.0,65.01642700926907,0.42686874882659254,77.68930009432523,75.34597059659274,0.8745098063216687,0.006025643766277999
2024-08-05 00:00:00-04:00,77.69753856959574,77.92339930380913,76.04774226048265,76.30306243896484,29057400,0.0,0.0,0.0,49.48515843192953,0.353836409531894,77.67788203847995,75.40059696542629,0.9460203232505842,0.007617770473607798
2024-08-06 00:00:00-04:00,76.67623922326112,77.66807552710623,76.58785339379443,76.83335876464844,15801400,0.0,0.0,0.0,53.615733608406416,0.3348878573238494,77.6699561725647,75.52440112724,0.975948377885641,0.007724479466565151
2024-08-07 00:00:00-04:00,77.15742399936752,77.97250359014873,76.86281457139896,76.91191864013672,14182300,0.0,0.0,0.0,54.213044120517154,0.3224926243528188,77.68790584129025,75.59679722267461,0.9876052670009735,0.007677835191115371
2024-08-08 00:00:00-04:00,76.69586596266402,77.73681368873365,76.61730245650247,77.60914611816406,13889800,0.0,0.0,0.0,59.23090820862937,0.36472541586368834,77.7738220906662,75.69942848916777,0.9970271216602737,0.007827429480101818
2024-08-09 00:00:00-04:00,77.45203257493256,77.86447977576614,77.11814139409427,77.72699737548828,10319800,0.0,0.0,0.0,60.0283043044328,0.40305861018595124,77.89333882360681,75.74685587854164,0.9791207830896739,0.007792822474872375
2024-08-12 00:00:00-04:00,77.68771103115841,77.74662991573236,77.13778146252568,77.33418273925781,9735300,0.0,0.0,0.0,56.090361268001246,0.3971628386287591,77.84678616221204,75.96526141469225,0.9526727595266026,0.0077592101997104234
2024-08-13 00:00:00-04:00,77.33418531935155,77.70735075448385,76.94137526055354,77.68771362304688,7513900,0.0,0.0,0.0,58.71534374267791,0.4162194660172247,77.93537065030439,76.01121366976396,0.939337240555439,0.007549104577818162
2024-08-14 00:00:00-04:00,77.62879730296518,78.27692755301508,77.50112972160355,78.04124450683594,7264000,0.0,0.0,0.0,61.212485400649186,0.45460852417632225,78.06928243384078,75.94898996606156,0.9276558541880175,0.007069422145558925
2024-08-15 00:00:00-04:00,79.14109849726697,79.35714439711023,78.61081355139699,78.84649658203125,7745200,0.0,0.0,0.0,66.2238281735201,0.5437413304512972,78.43174902809375,75.77703621970898,0.955387571051323,0.007272901811998999
2024-08-16 00:00:00-04:00,78.7679363566268,79.13128697534277,78.64027627059464,79.06254577636719,6976700,0.0,0.0,0.0,67.43934445094332,0.6246129368479529,78.78439272955342,75.66204205438214,0.9222177948868095,0.007198448144938724
2024-08-19 00:00:00-04:00,79.15092596695938,79.5142765942139,79.1214665227388,79.32769012451172,7330000,0.0,0.0,0.0,68.91769678975659,0.7020069019753947,79.14398234644314,75.56170613011936,0.888611582241088,0.007205928813306819
2024-08-20 00:00:00-04:00,79.30805753357984,79.72050476074219,79.18038994500861,79.72050476074219,6931200,0.0,0.0,0.0,71.01719359928848,0.7859787612819389,79.53171614959783,75.50000382110531,0.8637189560619799,0.007129681409562904
2024-08-21 00:00:00-04:00,80.38827257285978,80.81054207543919,80.03474426873615,80.26061248779297,7960700,0.0,0.0,0.0,73.65243234578202,0.8858971733092602,79.98260713522411,75.43602994973683,0.8798845531073385,0.007165385206757106
2024-08-22 00:00:00-04:00,80.47665254711953,80.47665254711953,79.7990628605616,80.14276885986328,7632600,0.0,0.0,0.0,72.11180954052358,0.944684503885469,80.31153879307284,75.49106893397793,0.8654349197823803,0.007174076424293318
2024-08-23 00:00:00-04:00,80.28024350298855,80.38826644836472,79.86779634367676,80.36862182617188,6505100,0.0,0.0,0.0,73.26600017849411,0.9979940792403283,80.67026033525258,75.46132383222789,0.8407945758470644,0.006944270268084945
2024-08-26 00:00:00-04:00,80.45701351662963,81.1051437439855,80.44719120481598,80.93820190429688,7270700,0.0,0.0,0.0,75.96730370248108,1.0738242760868388,81.10392824228916,75.410644664205,0.8333465288446754,0.007017672566172069
2024-08-27 00:00:00-04:00,81.05605714678148,81.28191790069643,80.83018890063691,81.1346206665039,5674600,0.0,0.0,0.0,76.83651662991407,1.1366668184521984,81.48379923922111,75.48545048612068,0.8060881339314497,0.0066761868710484085
2024-08-28 00:00:00-04:00,81.15425181683628,81.2622747754327,80.48647693288979,80.79090118408203,6666800,0.0,0.0,0.0,71.93352783154509,1.1455297425799813,81.70877367630689,75.69452985152515,0.8039245416894115,0.006788099474498852
2024-08-29 00:00:00-04:00,80.69270705164558,80.69270705164558,80.22134091447327,80.3882827758789,6343700,0.0,0.0,0.0,66.57462224578111,1.1073014512270731,81.86825959755922,75.85812971518493,0.7871842365407934,0.006820966466661353
2024-08-30 00:00:00-04:00,80.54539255580652,81.09532963878513,80.3293541396039,81.0265884399414,8884800,0.0,0.0,0.0,70.34636787184363,1.1156506611039987,82.12972985981216,75.9158160996605,0.7856693267293966,0.006779880651413939
2024-09-03 00:00:00-04:00,81.04622368135294,81.87112554046813,80.94802304132766,81.59615325927734,15503700,0.0,0.0,0.0,73.247271460804,1.15491346740923,82.32356076516649,76.2512942763374,0.7954859819016161,0.004536958264871249
2024-09-04 00:00:00-04:00,81.44885641552521,82.03806775058332,81.37029290625651,81.9791488647461,19276700,0.0,0.0,0.0,75.01710903256682,1.2030658742964846,82.57752028134442,76.51191377016926,0.7863637577891304,0.004470800370512529
2024-09-05 00:00:00-04:00,81.99878540704965,82.12644548952301,81.25244705881418,81.66490173339844,12775800,0.0,0.0,0.0,70.87410703953651,1.202013819365078,82.69521672160685,76.869515639233,0.7926233772833943,0.004723198280030243
2024-09-06 00:00:00-04:00,81.6550823453003,82.00861065489951,81.39975467898336,81.49795532226562,12616500,0.0,0.0,0.0,68.70329203310601,1.1741737341932463,82.80126093091887,77.15235235033113,0.7794971343285917,0.004626264021737276
2024-09-09 00:00:00-04:00,81.50777878057585,82.28357661020543,81.37029637960138,82.12644958496094,10061000,0.0,0.0,0.0,72.16035876432625,1.189117098855462,82.97091963187478,77.42263887032249,0.7890530697768383,0.004765272512748275
2024-09-10 00:00:00-04:00,82.00861087988584,82.4897992778492,81.89076561228651,82.1068115234375,14002500,0.0,0.0,0.0,71.89313289611694,1.18570710217179,82.996431560096,77.87438982051924,0.7754802551901132,0.00446128156535731
2024-09-11 00:00:00-04:00,81.81220165465956,81.8711280342525,80.60431951032244,81.34083557128906,14556400,0.0,0.0,0.0,62.21529815169776,1.1084196259414512,82.87181164997403,78.36432192546542,0.8274096664704665,0.005222717287919771
2024-09-12 00:00:00-04:00,81.36047115968523,81.93004536749683,81.08550636756341,81.84165954589844,8659100,0.0,0.0,0.0,65.48668653584863,1.0751869673145364,82.78454082613527,78.83163425321044,0.828633190289249,0.005271069136515705
2024-09-13 00:00:00-04:00,81.90058849731396,82.48979985497515,81.72382434079272,82.42105865478516,5953700,0.0,0.0,0.0,68.84709488975878,1.0831170130614538,82.8654747395985,79.1081565470226,0.8241576419959047,0.005060325426606126
2024-09-16 00:00:00-04:00,82.63710948353152,83.01027495072981,82.36214466641388,82.74513244628906,7794600,0.0,0.0,0.0,70.57294461244699,1.1028388383898289,82.97967885607486,79.36221109753842,0.8115842593044775,0.0050736297104816116
2024-09-17 00:00:00-04:00,82.46033617360726,82.69601920611511,81.86130253463557,81.95950317382812,8404900,0.0,0.0,0.0,61.65560299677226,1.04305116597628,82.92952701298147,79.67554424556344,0.8167446630436929,0.00570600975261449
2024-09-18 00:00:00-04:00,81.90058369631699,82.35231262711793,81.31137237319525,81.64525604248047,12935600,0.0,0.0,0.0,58.47294145923337,0.9592542022857629,82.85924620243117,79.93830018428758,0.8327586338207628,0.005776104938282373
2024-09-19 00:00:00-04:00,81.86130442364801,81.87112673546247,81.0364025524925,81.16407012939453,14934200,0.0,0.0,0.0,53.886029962167896,0.8442844376406384,82.81389286288537,80.07399928799354,0.8328990301885629,0.0058280479470717095
2024-09-20 00:00:00-04:00,81.08551117104308,81.61580365536183,80.94802876683775,81.556884765625,12719100,0.0,0.0,0.0,56.86107905579491,0.7759225766334623,82.74781672700804,80.28148701444702,0.8211044486410998,0.0058820335756478185
2024-09-23 00:00:00-04:00,81.38806233842044,82.29632126743456,81.32882282075921,82.0297622680664,11985900,0.439,0.0,0.0,60.19067909241977,0.7512427133424495,82.73062215462691,80.46479563101762,0.8315611627864034,0.005970488243922196
2024-09-24 00:00:00-04:00,81.92117668166725,82.21734415581642,81.63487618422606,81.83232116699219,8985100,0.0,0.0,0.0,58.17180639362941,0.7075951803268339,82.73763933361862,80.54719037829544,0.8137687919866862,0.005840432199016296
2024-09-25 00:00:00-04:00,82.11861230329369,82.19759330021398,81.50652087522502,81.62499237060547,6100900,0.0,0.0,0.0,56.04596533265343,0.6487955831774599,82.73726130365004,80.59660557867419,0.8050047657725629,0.005862520517828827
2024-09-26 00:00:00-04:00,81.47691079868976,82.1877247584846,81.47691079868976,81.81257629394531,8565600,0.0,0.0,0.0,57.557237070837616,0.6102978005698532,82.71095193667661,80.72508245663393,0.798276851059869,0.005776820495985868
2024-09-27 00:00:00-04:00,81.92117224362272,82.43453369022947,81.82244222554503,81.96065521240234,6432600,0.0,0.0,0.0,58.76259881717533,0.5849933227847544,82.58361216026532,81.00965947669758,0.7856826042901754,0.005626253394377319
2024-09-30 00:00:00-04:00,82.25682680082791,82.4147887975854,81.62499387788303,81.94091033935547,8468900,0.0,0.0,0.0,58.523931448511306,0.5569261970657777,82.54700810735486,81.13769571954944,0.7859763411053324,0.005386165137738768
2024-10-01 00:00:00-04:00,81.97053171987889,82.07912871677874,81.41767975896559,81.66448974609375,15725800,0.0,0.0,0.0,55.14705546452718,0.5065389008483834,82.54626705149768,81.14527042408825,0.7770815280130338,0.0052301005232902684
2024-10-02 00:00:00-04:00,81.4472976901128,81.45717219880493,80.81546471059539,80.97341918945312,10788300,0.0,0.0,0.0,47.73180012070234,0.4061610158081663,82.58871844896021,81.00224605909642,0.7822203499762711,0.005439105390936548
2024-10-03 00:00:00-04:00,80.64763238385339,80.76609635508092,80.02566640673719,80.16387939453125,11507900,0.0,0.0,0.0,40.80929385230048,0.25831008501869235,82.7861272964486,80.65473497772132,0.7940440951719615,0.005794816862296203
2024-10-04 00:00:00-04:00,80.03554530951745,80.52916530218305,79.9170737997421,80.4304428100586,12463000,0.0,0.0,0.0,43.70447944600395,0.16079307455598268,82.87006313970569,80.46404788324354,0.7810474814054604,0.00586353410590742
2024-10-07 00:00:00-04:00,80.46005336792446,80.46005336792446,79.5320454341634,79.63077545166016,9270800,0.0,0.0,0.0,37.74064340144779,0.01876733036617395,83.01605000156599,80.06849360805316,0.791544656573718,0.005868483222574584
2024-10-08 00:00:00-04:00,79.66039133432268,80.12439530056383,79.44319734739766,80.02566528320312,8218300,0.0,0.0,0.0,41.95305117302591,-0.06121909040437856,83.0272357406093,79.84919324498641,0.7836627491874649,0.006041021001518568
2024-10-09 00:00:00-04:00,80.09477579185328,80.62788627774987,79.9664373077098,80.5094223022461,9276300,0.0,0.0,0.0,46.7097891356587,-0.08459855711970476,83.03637261836296,79.75691504032845,0.7749331935340795,0.005938233303676211
2024-10-10 00:00:00-04:00,80.48967255768774,80.65750154283043,79.95656207660818,80.15401458740234,9122600,0.0,0.0,0.0,43.865724926613666,-0.13030332958085467,83.02382424035669,79.60069892248511,0.7696479272975204,0.005783260471341595
2024-10-11 00:00:00-04:00,80.43043762257099,80.67724760298539,80.07503064821083,80.5982666015625,8741500,0.0,0.0,0.0,48.11812748303987,-0.12918806665210525,82.88012547575511,79.56211848176443,0.7576885721173091,0.005679164832388339
2024-10-14 00:00:00-04:00,80.55877552688975,80.96354750726603,80.43043704952406,80.92405700683594,6263000,0.0,0.0,0.0,51.04686422989168,-0.10085307827696965,82.63746907714709,79.62266733642714,0.7416472782333562,0.00568435822033029
2024-10-15 00:00:00-04:00,81.03265923158905,82.1284962101336,81.03265923158905,81.43742370605469,11287700,0.0,0.0,0.0,55.32633769816955,-0.03655164894820473,82.5705359915921,79.63739247520479,0.7747038443093784,0.005554614110158714
2024-10-16 00:00:00-04:00,81.16099509356881,81.48678608358668,80.9734170934901,81.37818908691406,7720300,0.0,0.0,0.0,54.731796281451416,0.009518238018358716,82.54201019796835,79.6392115732719,0.7560370690084642,0.00549382609758244
2024-10-17 00:00:00-04:00,81.48677975775864,81.59537674600087,80.79570732966789,81.01290130615234,7716400,0.0,0.0,0.0,51.08596928723745,0.016364642868524015,82.53441730120586,79.63168758771015,0.7591536652459292,0.005425068025544534
2024-10-18 00:00:00-04:00,80.83520580221587,81.22022878685763,80.59827031906168,81.19061279296875,8314200,0.0,0.0,0.0,52.73548552196761,0.035718558518610166,82.50088954398366,79.62858814766672,0.7493540082852164,0.005330228229522875
2024-10-21 00:00:00-04:00,81.16099676364645,81.33870025894531,80.43044129721478,80.5094223022461,8704600,0.0,0.0,0.0,46.29140101624453,-0.0038651485199494573,82.37249774822187,79.60494594684648,0.7607043621027384,0.0054314985643779505
2024-10-22 00:00:00-04:00,80.39095337552949,81.0622768757611,80.31197236796261,80.96355438232422,8912400,0.0,0.0,0.0,50.62330281725785,0.001393083390766492,82.2738477348121,79.61671928178946,0.7599615153667206,0.00561075585650908
2024-10-23 00:00:00-04:00,80.55877778298668,80.92405927316281,80.40082330888553,80.80558776855469,6926500,0.0,0.0,0.0,49.13864700133345,-0.00710442015243018,82.19654809331061,79.61207846308588,0.7458736266575752,0.005601249202816007
2024-10-24 00:00:00-04:00,80.78584647847784,80.95367546137817,80.46005548905269,80.69699096679688,6211500,0.0,0.0,0.0,48.09439295924643,-0.02234403907833382,82.07370080790297,79.62336721577869,0.7278555084909967,0.005564939770255066
2024-10-25 00:00:00-04:00,80.69698872822467,80.82533473797646,79.95655879027633,80.02566528320312,6546900,0.0,0.0,0.0,42.13349885082123,-0.08758232451690162,81.91439007784751,79.58917895291421,0.7379212541487918,0.005783826703231888
2024-10-28 00:00:00-04:00,80.34158080731878,80.51928429161097,80.134261330985,80.17375183105469,5714200,0.0,0.0,0.0,43.78854021688782,-0.12588368023681085,81.71435166518526,79.61250151474638,0.7204710937387243,0.005820449976226546
2024-10-29 00:00:00-04:00,79.79860349183087,80.0059229684592,79.3345995304063,79.38396453857422,9459900,0.0,0.0,0.0,37.610265145094345,-0.21746026796184026,81.63540893967657,79.46339171950312,0.7289483228037007,0.00612730101306237
2024-10-30 00:00:00-04:00,79.27537188093366,79.51230736260102,79.02856189068423,79.25562286376953,8504800,0.0,0.0,0.0,36.70398546814248,-0.2969682094064723,81.66713839871132,79.25988262790001,0.7114338334546357,0.005898807808588892
2024-10-31 00:00:00-04:00,79.05817337935976,79.56166030770697,78.93970187925544,79.09766387939453,10905300,0.0,0.0,0.0,35.567990293548235,-0.3684772197259605,81.74904385666223,79.07135561843542,0.7050427330972714,0.00551948103635223
2024-11-01 00:00:00-04:00,79.35434980417978,79.41358932695152,79.02856632313123,79.12728881835938,7916100,0.0,0.0,0.0,35.96826335054715,-0.417940384022117,81.79576999348892,78.89431408243881,0.6821841810060587,0.0054464499753841865
2024-11-04 00:00:00-05:00,79.24574477520636,79.58141026344411,79.12728080574595,79.34447479248047,6958900,0.0,0.0,0.0,38.962002466748,-0.43460534519009286,81.81463520012758,78.8468188098822,0.6658945579126373,0.005050302368100909
2024-11-05 00:00:00-05:00,79.1470219916257,79.84796142578125,78.99893449831559,79.84796142578125,5304800,0.0,0.0,0.0,45.34190462932088,-0.40254499535537036,81.81504900975163,78.82863461451593,0.6789754414521388,0.005133223624178068
2024-11-06 00:00:00-05:00,80.05528334134623,80.17375484601043,78.34736245835138,78.54480743408203,18487700,0.0,0.0,0.0,35.11217873844896,-0.47679438447674727,81.90158710172399,78.54563503572719,0.7609337947526319,0.0060742878839861875
2024-11-07 00:00:00-05:00,78.71264412038215,79.28523756406713,78.65340460189934,78.83110809326172,17598100,0.0,0.0,0.0,38.400345296416035,-0.5066946295292922,81.94210770382092,78.37282378421618,0.7594692472692367,0.006118172069176872
2024-11-08 00:00:00-05:00,78.84097742561063,79.98617176983926,78.83110291783794,79.78872680664062,11530300,0.0,0.0,0.0,47.90879992450585,-0.44795521328063614,81.89651846166063,78.33745904688428,0.787726361892957,0.006635738138000461
2024-11-11 00:00:00-05:00,79.68013519663246,80.4106906482397,79.45307422682896,79.5123062133789,9273800,0.0,0.0,0.0,45.71521293508904,-0.41888004601517537,81.80414179234194,78.28866063685729,0.7998613661442268,0.006578321906808129
2024-11-12 00:00:00-05:00,79.8084776373425,79.91707463943344,79.46294514525474,79.60115814208984,13518000,0.0,0.0,0.0,46.56218562008447,-0.3842388916392139,81.60036823486307,78.30880763793967,0.7751662324324036,0.006377891725679346
2024-11-13 00:00:00-05:00,79.61102811846914,79.91707008945941,79.37409264196191,79.83809661865234,6781600,0.0,0.0,0.0,48.85388340941729,-0.33381852023266845,81.38829835593009,78.36686827004647,0.7585813192227681,0.00644334206894401
2024-11-14 00:00:00-05:00,79.64064025878906,80.1046442130326,79.58140827553844,79.64064025878906,7572200,0.0,0.0,0.0,47.043267404515205,-0.3062626850715304,81.22913502226426,78.38880549897597,0.741770934813582,0.0064004546112473295
2024-11-15 00:00:00-05:00,79.57153785562859,79.63077737396527,78.90021439347609,78.93970489501953,11359100,0.0,0.0,0.0,41.20517982485233,-0.3370982542337657,81.01382356174936,78.37902616969596,0.7416748584206813,0.006595889865026295
2024-11-18 00:00:00-05:00,79.11740525916545,79.64064120286213,79.02855728323631,79.4925537109375,8747600,0.0,0.0,0.0,46.81180444595269,-0.3133137005499549,80.91101370623925,78.38014916607521,0.7387649619508181,0.006633361289580412
2024-11-19 00:00:00-05:00,79.699888167295,79.85784264994508,79.11741265316698,79.60115814208984,8020800,0.0,0.0,0.0,47.863595175018325,-0.28244495087044186,80.68910083875446,78.46582240953657,0.73888389300991,0.006488495425604802
2024-11-20 00:00:00-05:00,78.88047176888942,79.1963882446289,78.51519028392322,79.1963882446289,7687200,0.0,0.0,0.0,44.34398814844905,-0.28733062370108087,80.46510863128181,78.52889466461663,0.7636756048068182,0.006554546991039978
2024-11-21 00:00:00-05:00,79.28523664976416,80.14413810345148,79.06804265926556,80.05528259277344,8185800,0.0,0.0,0.0,52.350816906688365,-0.2193682185317698,80.30601900798884,78.62381345050726,0.7859913076196114,0.007066113343978256
2024-11-22 00:00:00-05:00,80.49954025955277,80.86482172460306,80.4008177785248,80.79570770263672,7703800,0.0,0.0,0.0,57.96498875764985,-0.10455614624727616,80.4998306744885,78.50700602595096,0.7876732950631837,0.0071184015841181765
2024-11-25 00:00:00-05:00,81.32882295415911,81.57563293736406,80.993164992381,81.23997497558594,8243100,0.0,0.0,0.0,60.93886548916133,0.02202797941029644,80.77931921357438,78.3341398013182,0.7871198621820523,0.007201009350450651
2024-11-26 00:00:00-05:00,81.19061482311368,81.65461882442351,81.09189233033452,81.57563781738281,6973600,0.0,0.0,0.0,63.065012914706294,0.14772906832341448,81.16828516773427,78.16434117503917,0.7710917644611194,0.006791331860635636
2024-11-27 00:00:00-05:00,81.94091421151593,82.17784968580612,81.59538174233379,81.74346923828125,7067800,0.0,0.0,0.0,64.1167212794196,0.2579175667934095,81.52944303254755,78.05196794767706,0.759028914744133,0.006755471121971225
2024-11-29 00:00:00-05:00,81.72371598581854,82.23708494088838,81.61511899655541,82.1581039428711,4982600,0.0,0.0,0.0,66.64375800622324,0.374384628162602,81.93229458032147,77.9551604062508,0.7492387025719072,0.006744163366091233
2024-12-02 00:00:00-05:00,82.07912869189657,82.15810969544398,81.46703721246878,82.05938720703125,10750100,0.0,0.0,0.0,65.4617594934813,0.4534924195026804,82.24214928060633,77.93851554483314,0.7450839726007139,0.006772340696376126
2024-12-03 00:00:00-05:00,81.99027941482103,82.04951140052297,81.48678494022562,81.63487243652344,11053200,0.0,0.0,0.0,60.49298624714311,0.47643902738386146,82.42829932112589,77.98140526871786,0.732763850758208,0.006946046126132117
2024-12-04 00:00:00-05:00,81.41767327476062,81.52627026301165,81.003034337098,81.40779876708984,10100900,0.0,0.0,0.0,57.958794326062076,0.47087349551389934,82.55953640678175,78.00615191719285,0.725554868520153,0.0069069779482321255
2024-12-05 00:00:00-05:00,81.49666132146187,81.89155127794074,81.27946732617262,81.73359680175781,12639000,0.0,0.0,0.0,60.514652815302696,0.4871365431617818,82.65552245888551,78.22904480185667,0.7174498030378645,0.005596855509899941
2024-12-06 00:00:00-05:00,81.75333272809189,82.22721118850637,81.32881927490234,81.32881927490234,7180600,0.0,0.0,0.0,55.96255299837475,0.4620368883998651,82.6823647520676,78.45197362683865,0.7303742395068763,0.005791185687252781
2024-12-09 00:00:00-05:00,81.44729521499217,81.82244368141664,80.98329123712533,81.20048522949219,11614000,0.0,0.0,0.0,54.56120700829231,0.4268690653667875,82.73850578245091,78.53700843874049,0.7381441112771933,0.0052616079027228615
2024-12-10 00:00:00-05:00,81.1412552816629,81.78295523444926,80.81546428492805,81.58551025390625,8497200,0.0,0.0,0.0,57.962300380072776,0.42516556989109233,82.81421312796104,78.66862149728311,0.7545260282946228,0.005223960985257986
2024-12-11 00:00:00-05:00,81.71385135807927,82.0495168742168,80.92406387854078,80.96355438232422,9046100,0.0,0.0,0.0,51.28450326402317,0.3693710173564142,82.81646314152711,78.80261110774047,0.7810208116790089,0.005592721081398308
2024-12-12 00:00:00-05:00,81.47691120812529,81.56576671956765,81.07214674856769,81.20048522949219,5410800,0.0,0.0,0.0,53.48309763738018,0.3403484467132074,82.84005808463401,78.91525502571754,0.7682487777907533,0.005591734467546753
2024-12-13 00:00:00-05:00,81.04252153934854,81.46703500686894,80.58839207931045,80.9931640625,8154300,0.0,0.0,0.0,51.30130674089715,0.2971929099909687,82.82394000249164,79.06662548823101,0.7761340742027344,0.005594273023304227
2024-12-16 00:00:00-05:00,81.02277874468592,81.42755072132934,80.54890027593787,80.56864929199219,6495000,0.0,0.0,0.0,47.06731648048745,0.22613035211972488,82.67800842148776,79.37545150893217,0.7834566721447871,0.005320741062680244
2024-12-17 00:00:00-05:00,80.40082681562559,80.84508179620728,80.2922298146757,80.4304428100586,8535900,0.0,0.0,0.0,45.743667888911816,0.15685255634419093,82.59621973704758,79.55102910328445,0.7669849085295587,0.005160787044746146
2024-12-18 00:00:00-05:00,80.1244018094691,80.39095329468498,79.1865192926533,79.20626831054688,17223000,0.0,0.0,0.0,36.06810589558406,0.003132641671896863,82.66027636135732,79.44748349582042,0.8010519520206826,0.006249022843377238
2024-12-19 00:00:00-05:00,79.13715173519348,79.53204165826116,78.6435317993164,78.6435317993164,15778400,0.0,0.0,0.0,32.649363464457196,-0.16222955039653186,82.7724769370399,79.27999727560658,0.8072989453724022,0.0063471582657768045
2024-12-20 00:00:00-05:00,78.60405115408555,79.37409714545683,78.33749213735338,78.91996765136719,11035400,0.0,0.0,0.0,35.86531834323195,-0.2678861907378689,82.90213475884407,79.0368079596618,0.8236779498531914,0.005860848331509987
2024-12-23 00:00:00-05:00,78.63347788951368,78.81252974872586,77.74816802707409,78.50415802001953,11469000,0.602,0.0,0.0,33.29035236963789,-0.38078277480811096,83.06672366673995,78.6430640835042,0.8485437837417563,0.005448645349971413
2024-12-24 00:00:00-05:00,78.43452817571765,79.07115533020387,78.32510717205335,79.02142333984375,3932600,0.0,0.0,0.0,39.143718833735015,-0.42363177926679896,83.0861098976948,78.40182268897513,0.8412226676280962,0.005526451569319688
2024-12-26 00:00:00-05:00,78.87220959881127,79.31983544331587,78.80257874323958,79.27010345458984,4253700,0.0,0.0,0.0,41.78819999421982,-0.4325374940707434,83.0221390952746,78.23524005511602,0.8180822413743956,0.005479048119268826
2024-12-27 00:00:00-05:00,78.90205528036951,79.29994916121365,78.5936911275827,78.88216400146484,6601700,0.0,0.0,0.0,38.945079683127545,-0.4655324407439707,82.93679821682979,78.0344504098792,0.8100947979641491,0.005467439586927656
2024-12-30 00:00:00-05:00,78.54394934373799,78.59368892339651,77.70837904767424,77.95706176757812,7249300,0.0,0.0,0.0,33.152541961743154,-0.5598752986385307,82.83507489824801,77.71606951093169,0.836072666237467,0.0056490970175703
2024-12-31 00:00:00-05:00,78.11621286201512,78.44447586571096,77.74816730259325,78.19579315185547,6125500,0.0,0.0,0.0,35.80601735357051,-0.60836619882852,82.65736384879065,77.50742115487145,0.8260895160146272,0.005783732932118798
2025-01-02 00:00:00-05:00,78.36489748183944,78.72300120563656,77.69842961390367,77.95706176757812,9321800,0.0,0.0,0.0,34.338134012683554,-0.6584687957421949,82.52844148878428,77.26856244798329,0.8402668071373605,0.0057494103312421335
2025-01-03 00:00:00-05:00,78.1062681884936,78.28532005694922,77.6387510328766,77.91727447509766,6991300,0.0,0.0,0.0,34.08732221368848,-0.693392964282765,82.39309571986816,77.05485578770019,0.8264312512041646,0.005761534301972422
2025-01-06 00:00:00-05:00,78.00679417650306,78.02669304415095,77.0120632915514,77.10159301757812,9275700,0.0,0.0,0.0,29.353686711523437,-0.7779218967673103,82.22684255002595,76.75790857912445,0.8398740013038347,0.005853146201899912
2025-01-07 00:00:00-05:00,77.30054019651304,77.74817367163905,76.72359443169894,76.83301544189453,11112800,0.0,0.0,0.0,27.97608791528762,-0.8567080533636755,82.0986843336911,76.4364864121585,0.8530672326349972,0.005835178538252742
2025-01-08 00:00:00-05:00,76.7534403558595,77.05185507416644,76.26601674766079,76.97227478027344,9277400,0.0,0.0,0.0,29.815341257918703,-0.8975630373406887,81.90973639034118,76.20261331058654,0.8482651679114727,0.005921859346543002
2025-01-10 00:00:00-05:00,76.48485678993958,76.92254080587561,75.83828019981435,75.93775177001953,13943200,0.0,0.0,0.0,24.757432783362233,-1.0018693414188107,81.68741811227301,75.86015574026607,0.8686744116648738,0.0061191482591328285
2025-01-13 00:00:00-05:00,75.99743915075712,76.25607129908958,75.65922671229248,76.06707000732422,9490900,0.0,0.0,0.0,26.437368800553088,-1.0618575055535047,81.4879723542168,75.56995306082226,0.8492579956028903,0.006148695327364678
2025-01-14 00:00:00-05:00,76.15659069411063,76.24612041610592,75.72885612927405,76.08695983886719,7763700,0.0,0.0,0.0,26.7084124755617,-1.0951691859854975,81.14722550398491,75.39934737199164,0.8255441592621034,0.006039212010379929
2025-01-15 00:00:00-05:00,76.50475592770326,76.74348921487775,75.70896818486244,75.82833862304688,11426800,0.0,0.0,0.0,25.39802510676371,-1.1294182726459638,80.79151390201011,75.23857643002114,0.8404710786016184,0.006037187827950927
2025-01-16 00:00:00-05:00,75.67912490996021,76.47490503665988,75.41054333043857,76.39533233642578,11223400,0.0,0.0,0.0,33.14263677072793,-1.0981504714107473,80.40544223041647,75.20731640605814,0.8564632662887389,0.006472947159910002
2025-01-17 00:00:00-05:00,76.53460071433862,76.99217603461351,76.44507098363552,76.83301544189453,10524800,0.0,0.0,0.0,38.45410553978295,-1.0262234794493423,79.95847252719837,75.29454337245984,0.8379190114243809,0.006737318634005834
2025-01-21 00:00:00-05:00,76.9822237546818,77.48953863872754,76.90264346126393,77.19111633300781,8849500,0.0,0.0,0.0,42.480452101383136,-0.9296091157502957,79.74751429604619,75.30398640585811,0.824962167524997,0.006167606706987591
2025-01-22 00:00:00-05:00,77.53926725651569,77.53926725651569,76.74348712454463,76.81311798095703,8357500,0.0,0.0,0.0,39.53997599334166,-0.8734739800727738,79.61469125931697,75.25376806075138,0.8228777364140012,0.006076760794851606
2025-01-23 00:00:00-05:00,76.7036998455743,77.12148499965907,76.3953356969681,77.09164428710938,7562500,0.0,0.0,0.0,42.6879797295773,-0.7973207185232525,79.41717474157369,75.26845224206889,0.8159685625766419,0.006081302571752713
2025-01-24 00:00:00-05:00,77.06180550140316,77.5193808133935,77.02201535394383,77.48954010009766,6685300,0.0,0.0,0.0,46.938429214513455,-0.6968292297372756,79.29888144377188,75.28528374787851,0.7932111980675723,0.006156590077640619
2025-01-27 00:00:00-05:00,78.27537264106378,79.7376281978486,78.26542320763697,79.58841705322266,17519900,0.0,0.0,0.0,62.666874211518504,-0.4427237282483958,79.43715930774756,75.2037052552407,0.8971309766163841,0.008630757845182043
2025-01-28 00:00:00-05:00,79.33973976331659,79.67794463099763,78.18584826116923,78.34500885009766,11664900,0.0,0.0,0.0,52.70060297160726,-0.3377821951004307,79.25450156408795,75.29385353845112,0.9396285047029568,0.009309331864444976
2025-01-29 00:00:00-05:00,78.46437334960665,78.88216610971617,78.39474248778752,78.53400421142578,10195100,0.0,0.0,0.0,53.90068583504794,-0.23663712241302903,79.18570180559497,75.3278373179402,0.9108805586254963,0.009273009250745166
2025-01-30 00:00:00-05:00,78.92194634154603,79.47900080886886,78.76279334316418,79.30989837646484,8192000,0.0,0.0,0.0,58.55026274624134,-0.0928009967726382,79.4333124528636,75.21551033156022,0.9133174185410381,0.009114224471130349
2025-01-31 00:00:00-05:00,78.61358239468349,79.15073799536324,78.51411082178603,78.56385040283203,10269000,0.0,0.0,0.0,53.013517454391994,-0.038565112794060497,79.48792255044637,75.19770595907511,0.9049224282651647,0.00938108071971037
2025-02-03 00:00:00-05:00,77.99685479668595,79.03136827123676,77.81780292816859,78.8722152709961,13340800,0.0,0.0,0.0,54.91142489797242,0.028965784225533753,79.62138809638222,75.15575576348107,0.9269683507510935,0.009380499136234417
2025-02-04 00:00:00-05:00,78.60362814956073,78.68320843868567,77.88742831501855,78.20574188232422,9307500,0.0,0.0,0.0,50.19249543022744,0.02837854394256567,79.65294729282044,75.1530433077655,0.9310982511244111,0.00959660561443663
2025-02-05 00:00:00-05:00,78.19579556766541,78.71305228921973,77.77801041688758,78.69316101074219,8847800,0.0,0.0,0.0,53.34995146119514,0.06647749078618403,79.79594568188325,75.1692017180191,0.9313799383535353,0.009340016882361158
2025-02-06 00:00:00-05:00,79.7276791837491,79.74757046151329,78.80257918923566,79.05126190185547,9846300,0.0,0.0,0.0,55.578017119427074,0.12413596762387158,79.98310002986622,75.20387201603222,0.9401677606690759,0.009306879780615633
2025-02-07 00:00:00-05:00,79.07115410858721,79.26015540094086,78.70310854667014,78.93189239501953,8104000,0.0,0.0,0.0,54.64117035972,0.1583729792149171,80.1313315990842,75.25160220828883,0.9128019816406222,0.009329976848781963
2025-02-10 00:00:00-05:00,79.14078808532197,79.42926095742577,78.64342263463152,79.4193115234375,7949600,0.0,0.0,0.0,57.77133187448141,0.22227446601372947,80.2767091745766,75.45438060813824,0.9037331488658812,0.00870939353056979
2025-02-11 00:00:00-05:00,79.53868036724913,80.20514823639061,79.25020750093542,80.18525695800781,9157100,0.0,0.0,0.0,62.187269160573365,0.3309077514085601,80.53588703282149,75.60702144496172,0.9073908336222608,0.008861413647169844
2025-02-12 00:00:00-05:00,79.49889448797444,80.22505140962564,79.44916249475118,80.12557983398438,10564000,0.0,0.0,0.0,61.64636820879918,0.40748770299059345,80.71604102047284,75.83072945682208,0.8979978394259891,0.00887867804700526
2025-02-13 00:00:00-05:00,80.33447122423928,81.06062054589087,80.11562920756796,80.9909896850586,10132300,0.0,0.0,0.0,66.23312546204843,0.5318780497232609,80.97722051357317,76.08581506992292,0.9013545179186261,0.008939020422963836
2025-02-14 00:00:00-05:00,80.95119639745194,81.00093597720044,80.16535809043069,80.18525695800781,10470300,0.0,0.0,0.0,59.141504965969084,0.5589986103932745,81.0602744835857,76.3817535620686,0.8966561871222781,0.009353793365976517
2025-02-18 00:00:00-05:00,79.9266269594179,80.49362327354814,79.47900108638676,80.4737319946289,10432400,0.0,0.0,0.0,60.761395641760856,0.5968888120117128,81.19239204037552,76.61370766055222,0.9050823299822139,0.009326750352791622
2025-02-19 00:00:00-05:00,80.66272502991903,81.15014863508911,80.46378188561722,81.12030792236328,6450800,0.0,0.0,0.0,64.18846039260096,0.6713514221928705,81.44126210579083,76.75775675407246,0.8894597885171905,0.009400797912199162
2025-02-20 00:00:00-05:00,80.13551885312837,80.80199432373047,80.00620656827442,80.80199432373047,14264000,0.0,0.0,0.0,61.34774511590797,0.6966478078034868,81.50323726716574,77.09466922697489,0.9055056146294527,0.009362797451221164
2025-02-21 00:00:00-05:00,80.80199506147326,81.81661724920872,80.55331233427202,81.74698638916016,18203300,0.0,0.0,0.0,66.13879613176262,0.7839118894095662,81.73768422866452,77.32575647568119,0.9310627075085415,0.009581722993599
2025-02-24 00:00:00-05:00,81.41872077377468,82.37366150509884,81.37893062798688,81.99566650390625,14114200,0.0,0.0,0.0,67.28790684938599,0.863185445241271,82.0027628465499,77.51129049817666,0.9356104339087858,0.009568032162860672
2025-02-25 00:00:00-05:00,82.25429896686863,83.43802355444006,82.25429896686863,83.15950012207031,18198000,0.0,0.0,0.0,72.06574182813632,1.0082989135642038,82.62360684793849,77.24755480367283,0.9718066208105736,0.008185334715615071
2025-02-26 00:00:00-05:00,82.84118644054979,82.9207667323261,81.41872097912426,81.56793212890625,19969500,0.0,0.0,0.0,59.30845296439807,0.9835385270284434,82.7704027113731,77.42305126811908,1.0267332295345364,0.008615355038838432
2025-02-27 00:00:00-05:00,81.20982910540684,81.99566741778715,81.1899378268884,81.5579833984375,16613700,0.0,0.0,0.0,59.23786087328549,0.9521373166051745,82.89287035781211,77.60298154038125,1.010947255346266,0.008628420322879474
2025-02-28 00:00:00-05:00,82.25429799980178,82.69197442158232,81.7071929860833,82.64224243164062,15163900,0.0,0.0,0.0,64.23425606116948,1.0031782590463934,83.21726627312293,77.611820030588,1.0197360959033053,0.008825605634064983
2025-03-03 00:00:00-05:00,82.2443476299408,83.3783402007451,82.2443476299408,83.07991790771484,18918900,0.0,0.0,0.0,66.04361650418704,1.0666496535342134,83.53640247009822,77.744290584101,1.0278972726819473,0.008419968076481984
2025-03-04 00:00:00-05:00,82.92076721540312,83.6966560917564,81.61767218405052,81.66740417480469,21845600,0.0,0.0,0.0,56.16785068006034,0.9915432442707726,83.5898606002741,77.970351344306,1.1029748894693707,0.009507121447569716
2025-03-05 00:00:00-05:00,81.50824980008441,82.31397937509301,81.37892993008454,82.005615234375,13772700,0.0,0.0,0.0,57.795202907077794,0.9483793529415436,83.5634054821163,78.37679379766887,1.090980214865021,0.00920574371865148
2025-03-06 00:00:00-05:00,81.69724798925988,82.36372347558328,81.50825427450667,82.15482330322266,13729400,0.0,0.0,0.0,58.5267562309506,0.9156563854213999,83.56170053624723,78.72466497278597,1.0741579995944206,0.009162222287492956
2025-03-07 00:00:00-05:00,81.62761314352522,82.99039717387708,81.60772186527812,82.42340087890625,19631100,0.0,0.0,0.0,59.87497872932958,0.9010088939952112,83.58952545761836,79.03405394911992,1.0961949502376023,0.009149352583464682
2025-03-10 00:00:00-04:00,82.55271075224952,83.90554530941547,81.92603305162471,82.24434661865234,27412700,0.0,0.0,0.0,58.50939367181247,0.8649815008177626,83.50706925173762,79.44775557736395,1.1592890436342564,0.009164410681882151
2025-03-11 00:00:00-04:00,82.07524673008324,82.14487758785782,80.98104428397083,81.04072570800781,27913700,0.0,0.0,0.0,50.21808177734332,0.7308822283815317,83.37071937700182,79.74624687055677,1.1667185644233462,0.009833971559300672
2025-03-12 00:00:00-04:00,80.25489183693064,80.55331415198395,79.20047947834647,79.2800521850586,22000500,0.0,0.0,0.0,41.053344996274674,0.47703696491694814,83.49743702899745,79.52900874126622,1.2148276833689178,0.010842288983172504
2025-03-13 00:00:00-04:00,79.37952729153528,79.69784086969526,78.76279141357782,78.91200256347656,18077400,0.0,0.0,0.0,39.433270805335084,0.24335894578098305,83.66399984428985,79.24108819892304,1.1948435242795266,0.010881661601093667
2025-03-14 00:00:00-04:00,78.73295308879271,79.160687683902,78.46437149299211,79.09105682373047,10251300,0.0,0.0,0.0,40.660133292246265,0.07178808607042697,83.79212275895732,78.92297199812275,1.1592344290388377,0.01056957788093424
2025-03-17 00:00:00-04:00,79.23031950953484,80.48368259708984,79.16068864851482,80.24494171142578,12470000,0.0,0.0,0.0,47.973965628174035,0.028596171799151193,83.78949167523223,78.93157155718964,1.175905239347447,0.0109110571655096
2025-03-18 00:00:00-04:00,80.18525737763724,80.28472894846044,79.28004862799901,79.32978820800781,9461100,0.0,0.0,0.0,43.40465305898636,-0.07857322765242714,83.86346370851308,78.74320514524669,1.163674887998446,0.01117011894872899
2025-03-19 00:00:00-04:00,79.1507363448483,79.40936850034413,78.72300176003358,79.32978820800781,12042700,0.0,0.0,0.0,43.40465305898636,-0.16164243545462398,83.91463785553364,78.51297902679059,1.1295814488778817,0.01098404043057636
2025-03-20 00:00:00-04:00,79.21041511663545,79.49888797479744,78.82247069098169,78.94184112548828,10954500,0.0,0.0,0.0,41.46307581202314,-0.2558304146977406,83.99453124000216,78.24707032249783,1.0972125799448724,0.010999426269278825
2025-03-21 00:00:00-04:00,78.88216185133568,79.11094570387867,78.57379011775977,78.91200256347656,11926200,0.0,0.0,0.0,41.310015067687196,-0.32908925335698314,83.99157406239621,77.96652911753543,1.057208508957303,0.010583326150419662
2025-03-24 00:00:00-04:00,79.02999877929688,79.4800033569336,78.95999908447266,79.4000015258789,9586600,0.418,0.0,0.0,44.89292086740416,-0.34380678233304707,83.89884134796982,77.7996953341591,1.0222651007072836,0.010680451095500709
2025-03-25 00:00:00-04:00,79.26000213623047,79.36000061035156,78.43000030517578,78.68000030517578,12703200,0.0,0.0,0.0,40.923366431937254,-0.4088555786828323,83.6207811108794,77.62980558956004,1.0185319664212724,0.01012770942106499
2025-03-26 00:00:00-04:00,78.8499984741211,80.08000183105469,78.8499984741211,79.9000015258789,11491900,0.0,0.0,0.0,49.13117666492178,-0.3578383778331755,83.5205916805687,77.56320195956802,1.0457797920968177,0.010133692088701345
2025-03-27 00:00:00-04:00,80.12999725341797,80.97000122070312,80.06999969482422,80.80999755859375,9253000,0.0,0.0,0.0,54.238313627487784,-0.24119743008103,83.44981881073046,77.55917624542188,1.047509785148775,0.010505286504920108
2025-03-28 00:00:00-04:00,80.91999816894531,81.0999984741211,80.11000061035156,80.41000366210938,12493200,0.0,0.0,0.0,51.777571854122954,-0.17897172851236576,83.17009349006587,77.61567768913336,1.0434017907645432,0.010034391622582366
2025-03-31 00:00:00-04:00,80.52999877929688,81.91999816894531,80.52999877929688,81.66999816894531,14299100,0.0,0.0,0.0,58.209451455395545,-0.027667452054132013,82.88660093522714,77.75817827009513,1.0767298419125,0.01064397687791871
2025-04-01 00:00:00-04:00,81.86000061035156,82.01000213623047,81.31999969482422,81.79000091552734,11201000,0.0,0.0,0.0,58.77344366989174,0.10076395175933328,82.90611390192875,77.75092497746577,1.0491064561620536,0.009942565133344468
2025-04-02 00:00:00-04:00,81.83000183105469,82.05999755859375,81.18000030517578,81.55000305175781,9219000,0.0,0.0,0.0,57.11334646578987,0.18109341060866768,82.83116785730985,77.78030980382297,1.037027227394619,0.00991787522237176
2025-04-03 00:00:00-04:00,81.75,82.81999969482422,81.3499984741211,82.0199966430664,20746100,0.0,0.0,0.0,59.524442260927366,0.2794582200040452,82.80529422360185,77.79270077151533,1.0679539412023695,0.00999967268253954
2025-04-04 00:00:00-04:00,81.58000183105469,82.04000091552734,78.45999908447266,78.45999908447266,35619500,0.0,0.0,0.0,40.80927735602113,0.06935154781909603,82.5294489980531,77.67220581762074,1.247385933334678,0.013880981605365378
2025-04-07 00:00:00-04:00,76.5999984741211,79.37999725341797,76.16000366210938,77.55000305175781,45133500,0.0,0.0,0.0,37.558542581324566,-0.16864454892777303,82.32786575571937,77.40435470326501,1.3882864803328148,0.014033162666545735
2025-04-08 00:00:00-04:00,78.70999908447266,78.97000122070312,75.61000061035156,76.3499984741211,26842500,0.0,0.0,0.0,33.741593954507394,-0.44891371298334093,82.46651216022343,76.79663557537228,1.5291232039055824,0.014071491900719931
2025-04-09 00:00:00-04:00,75.97000122070312,79.94000244140625,75.83000183105469,79.30999755859375,39358900,0.0,0.0,0.0,47.826422315053165,-0.4272567069950668,82.46729676624511,76.79884550670411,1.7134715900802955,0.016155152455029832
2025-04-10 00:00:00-04:00,79.30000305175781,80.1500015258789,77.97000122070312,79.3499984741211,25968000,0.0,0.0,0.0,47.987332206882705,-0.402228988734322,82.47329571196245,76.83664615205122,1.746795069729973,0.016115852865066508
2025-04-11 00:00:00-04:00,79.6500015258789,80.86000061035156,78.91000366210938,80.3499984741211,19009500,0.0,0.0,0.0,51.97495997699367,-0.29826449164988844,82.53928613249286,76.89654989655986,1.7613094896237025,0.01634294889327071
2025-04-14 00:00:00-04:00,80.69000244140625,82.05000305175781,80.33000183105469,81.72000122070312,12388100,0.0,0.0,0.0,56.85518870362748,-0.10412383190880803,82.7386146082142,76.84472737176627,1.7583588989865184,0.016460157536311425
2025-04-15 00:00:00-04:00,81.83999633789062,81.94000244140625,80.9800033569336,81.02999877929688,8920200,0.0,0.0,0.0,53.885193414203734,-0.00587565983741456,82.86325037445258,76.8901126626568,1.701333197949814,0.016355314255294018
2025-04-16 00:00:00-04:00,81.37000274658203,81.48999786376953,79.81999969482422,80.16000366210938,13657300,0.0,0.0,0.0,50.31621063173949,0.001765042948150608,82.89626831157867,76.94011627094088,1.6990949815923497,0.016571155944304642
2025-04-17 00:00:00-04:00,80.51000213623047,82.26000213623047,80.38999938964844,81.87000274658203,13651800,0.0,0.0,0.0,56.42525904479231,0.14414141747657538,83.12310588464011,77.0060948599888,1.727730945344403,0.01713731380399049
2025-04-21 00:00:00-04:00,81.94000244140625,82.02999877929688,80.19999694824219,81.08999633789062,13804400,0.0,0.0,0.0,53.21123466069559,0.1918244883655973,83.21514606863842,77.1318540534319,1.7350360086094234,0.017324184113572425
2025-04-22 00:00:00-04:00,81.4000015258789,82.70999908447266,81.26000213623047,82.23999786376953,11258800,0.0,0.0,0.0,57.091847778727725,0.31873499909387704,83.46278081240948,77.16821894344989,1.7268193470360382,0.017528962094945224
2025-04-23 00:00:00-04:00,82.37999725341797,82.70999908447266,81.12999725341797,81.7699966430664,17717300,0.0,0.0,0.0,55.0811490361905,0.37704102836514153,83.58416682333888,77.35583256630957,1.716332381608799,0.0174342677269664
2025-04-24 00:00:00-04:00,81.22000122070312,81.33000183105469,80.68000030517578,81.05000305175781,12480700,0.0,0.0,0.0,52.056584171995546,0.36099024027254245,83.63991251134344,77.41508703089288,1.6715940927717867,0.017295340309750346
2025-04-25 00:00:00-04:00,81.19999694824219,81.44000244140625,80.0,80.83999633789062,14378000,0.0,0.0,0.0,51.17391534389979,0.3275483152730203,83.64198443332086,77.41601498684517,1.6550518319599627,0.01712898744470378
2025-04-28 00:00:00-04:00,80.91000366210938,81.22000122070312,80.13999938964844,80.56999969482422,12088900,0.0,0.0,0.0,50.00009186232757,0.27607643880057253,83.64954221627245,77.42445680716504,1.6139768318953003,0.017107489002711182
2025-04-29 00:00:00-04:00,80.2300033569336,81.30000305175781,79.79000091552734,81.23999786376953,10065700,0.0,0.0,0.0,52.88801408609491,0.286050447191883,83.60227406389889,77.42872492902104,1.6065500679192408,0.016835235332303623
2025-04-30 00:00:00-04:00,81.69000244140625,82.1500015258789,80.66999816894531,81.83000183105469,10565800,0.0,0.0,0.0,55.33456284116865,0.3376708506187356,83.60762473930284,77.42737434516981,1.597511017134552,0.016913836502287026
2025-05-01 00:00:00-04:00,81.29000091552734,81.55000305175781,80.83000183105469,81.12000274658203,13203000,0.0,0.0,0.0,51.845407569850785,0.3176279821705066,83.5629873087816,77.42901174517348,1.5548316587677982,0.017017556117153516
2025-05-02 00:00:00-04:00,81.58000183105469,81.86000061035156,81.20999908447266,81.55999755859375,14859700,0.0,0.0,0.0,53.790024239695306,0.3334044892485224,83.5005733509541,77.44542579455371,1.4966292448393506,0.01701154432791842
2025-05-05 00:00:00-04:00,81.58000183105469,81.68000030517578,81.0,81.48999786376953,10236300,0.0,0.0,0.0,53.420420066746296,0.33638149789348404,83.53496630727606,77.71403271616144,1.4382986062919527,0.01364394440269907
2025-05-06 00:00:00-04:00,81.33000183105469,81.62999725341797,80.97000122070312,81.3499984741211,10506300,0.0,0.0,0.0,52.6413494608946,0.3237124622115459,83.37207261870995,78.25692594696389,1.3827055653221592,0.013300846023756335
2025-05-07 00:00:00-04:00,81.43000030517578,81.8499984741211,81.16000366210938,81.4800033569336,10474900,0.0,0.0,0.0,53.322117057483844,0.3204683085288309,82.61380136380393,79.52819769015116,1.3332262257999847,0.012618432406596438
2025-05-08 00:00:00-04:00,81.56999969482422,81.94999694824219,81.06999969482422,81.37999725341797,11018500,0.0,0.0,0.0,52.69461190966479,0.30629683731716284,82.49217126629493,79.85682775714257,1.3008527277726978,0.00948756277149591
2025-05-09 00:00:00-04:00,81.02999877929688,81.33999633789062,80.81999969482422,80.91000366210938,9231500,0.0,0.0,0.0,49.73250739608084,0.25421090429972537,82.28213732608374,80.22286221615259,1.247934501402773,0.00961937618584245
2025-05-12 00:00:00-04:00,80.97000122070312,81.2300033569336,80.33000183105469,81.02999877929688,18914800,0.0,0.0,0.0,50.49760475447151,0.2200781068189741,82.23651510756979,80.33648446518411,1.223082146008211,0.009227944093517617
2025-05-13 00:00:00-04:00,80.76000213623047,80.87999725341797,79.6500015258789,79.94000244140625,13148500,0.0,0.0,0.0,43.95325278483273,0.10387659913970992,82.29105893372075,80.10394076110346,1.2342903679660508,0.008855038994918555
2025-05-14 00:00:00-04:00,79.80000305175781,79.91000366210938,79.36000061035156,79.51000213623047,10352000,0.0,0.0,0.0,41.65954143621061,-0.0226502656844616,82.43933382905459,79.80366620146299,1.187555472472382,0.008746464204615128
2025-05-15 00:00:00-04:00,79.58000183105469,81.19000244140625,79.26000213623047,81.13999938964844,13370000,0.0,0.0,0.0,51.905370736166006,0.008505393380502824,82.41237557741619,79.9286240258553,1.2405872462369107,0.009642512069581896
2025-05-16 00:00:00-04:00,81.22000122070312,82.06999969482422,81.0999984741211,82.06999969482422,11973300,0.0,0.0,0.0,56.58973458462191,0.10700622874875876,82.44770704811428,79.91329224998141,1.2212596729844976,0.00873853533682432
2025-05-19 00:00:00-04:00,81.8499984741211,82.37000274658203,81.61000061035156,82.30999755859375,13601400,0.0,0.0,0.0,57.73381373289149,0.20210493244341876,82.59960335050636,79.88339606965965,1.1883127060734953,0.008450999152967294
2025-05-20 00:00:00-04:00,82.2699966430664,82.83999633789062,82.2699966430664,82.5999984741211,12719300,0.0,0.0,0.0,59.13529929441335,0.29744324988224946,82.67825044440029,79.84074903680089,1.1441474909842613,0.007878087485348415
2025-05-21 00:00:00-04:00,82.19999694824219,82.33000183105469,81.51000213623047,81.63999938964844,10989100,0.0,0.0,0.0,52.88392658883252,0.29216772261987956,82.66350303133731,79.84249672452205,1.140279551477573,0.008216862078747753
2025-05-22 00:00:00-04:00,81.56999969482422,81.73999786376953,80.97000122070312,81.30000305175781,11871600,0.0,0.0,0.0,50.83430545256909,0.25758271307979896,82.6730134526975,79.85798630316187,1.1138307723053467,0.00801970672421093
2025-05-23 00:00:00-04:00,81.26000213623047,81.7699966430664,80.76000213623047,81.5999984741211,10693100,0.0,0.0,0.0,52.58065245617225,0.25148203886422493,82.70403047007116,79.90296949941126,1.1064138962003889,0.008028274925561503
2025-05-27 00:00:00-04:00,81.9000015258789,82.38999938964844,81.72000122070312,82.33999633789062,14433600,0.0,0.0,0.0,56.6691702457178,0.3028675847924376,82.81938104212156,79.96461859166749,1.0838129690094571,0.008193789142280347
2025-05-28 00:00:00-04:00,82.30999755859375,82.58000183105469,81.69000244140625,81.77999877929688,9961900,0.0,0.0,0.0,52.94863488671672,0.2950032632837889,82.85426599564319,79.98373372969861,1.0699691419122415,0.008192203320284653
